participant_id,session,extero_threshold,extero_slope,intero_threshold,intero_slope
sub-0019,1,0.4816770361956834,8.912543349583318,10.172734544282095,15.337119645626771
sub-0019,2,1.8068729082773038,6.7833543542560495,6.930567413621022,4.312773383717013
sub-0020,1,2.305751041708676,10.662217005411486,-13.910095067677569,5.603654078980164
sub-0022,1,-2.0034404038273874,8.923526232246708,-3.3896256836069187,6.110974931286961
sub-0022,2,-2.2216037978272434,2.88451836602046,-31.065996407634156,7.768462765428285
sub-0023,1,4.7693284699295235,11.898785742791427,-9.543624060085078,8.848930308293868
sub-0023,2,4.239195950634068,7.040694319114262,-11.667697890839559,6.008735988502236
sub-0024,1,7.860589156622391,18.076635100125376,9.384210946852008,5.448484479611389
sub-0024,2,1.8207165888381518,8.160780895481029,4.231119754351744,23.63302104909761
sub-0025,1,-5.753740922570083,14.89822152097831,-21.418247445347316,11.926161468642299
sub-0025,2,-7.239178866005942,10.054515309339028,-25.36731292184002,6.62392760755547
sub-0026,1,-1.6257776648404128,6.9749414747272604,-5.043350854925438,2.9825739932852837
sub-0026,2,-2.3996345050587977,5.671868530589009,-3.6366222154082988,12.842815177114561
sub-0027,1,3.266141433272968,5.8688427959827445,-0.5292510106251871,16.49656537469775
sub-0027,2,0.6152194014668112,4.223036412203236,-3.5188488726255196,14.50199698861034
sub-0028,1,-6.602439634807833,13.592981075724827,-14.22021870596935,4.437660038939588
sub-0028,2,-3.2036686318769454,10.033174166990415,-9.154461233344453,7.7664065575456585
sub-0029,1,5.438788646551518,8.173010048621109,-2.0834466121985082,13.822150592316929
sub-0030,1,-4.593942016781067,8.497590559366476,7.62506118863245,9.199245720621565
sub-0031,1,3.2121727310178456,13.66829783376995,-23.70814608372649,4.8593898129137285
sub-0031,2,-1.8025360948544789,7.826939162567103,-18.272716542983986,7.748871098159354
sub-0032,1,0.8264498260598631,7.120944839999614,-22.805224835624074,7.387729302618202
sub-0032,2,-2.45028255349154,8.508099621634472,-0.5573483274140035,9.07290755637786
sub-0034,1,-2.2976487719838388,9.00424552460835,-2.62330824355411,20.306454766613907
sub-0034,2,-4.617105831042665,9.15856995399559,-17.5809481986528,17.333168672458218
sub-0035,1,2.242771733808855,12.97690774341054,2.883312351330349,14.38933122260177
sub-0035,2,-7.149176175990809,10.961289434793201,-13.923945477482034,5.191958068506016
sub-0036,1,46.40786908403194,28.7992407235617,45.15100247362539,28.933868199409655
sub-0037,1,-0.02380242482177411,6.453114888727516,-3.918054267740266,14.13478106113346
sub-0037,2,-3.949784268313984,8.155234674672663,-8.839016729117766,12.153692414076021
sub-0038,1,4.568215478633144,10.015955695597325,-18.987475309373693,3.875604148797694
sub-0038,2,-1.1015307280330944,12.103767369123313,-23.259988366531864,6.2214950900375605
sub-0039,1,-2.4535463629684866,8.80041064777947,-0.9030996414601168,4.002535792832712
sub-0039,2,0.02527890167062153,9.758733717326535,-5.302725831354084,6.941448979470648
sub-0040,1,-4.819004056257645,12.053716252374407,-35.891580432064245,11.670665288297634
sub-0041,1,3.274084599916713,9.199158453786756,-5.727842344286901,6.264787456600172
sub-0042,1,-0.9490662368211544,7.6988787480392356,-20.560039528206115,3.8524528531339537
sub-0042,2,-3.8873544466841694,9.78941493066711,-16.329968986456162,5.130799319210659
sub-0043,1,4.270165727230553,5.913408425871194,-16.32695002103807,9.774630345562866
sub-0044,2,0.3518414143976809,7.822367262400461,-10.903673979047255,14.202564058109939
sub-0045,2,2.511352629552469,3.9093016253005324,6.829473362588682,6.004128576280962
sub-0046,1,-1.7399877732328366,23.609632414374726,-0.03612295935042221,7.676470616378663
sub-0046,2,-6.084796978216324,16.123784074752596,-9.232823573532857,6.241342236535454
sub-0047,1,2.625047298101876,10.370291642381531,7.206548798045491,11.192434890367522
sub-0047,2,-4.059440527733142,8.07905781442973,-29.339658149492678,25.664698116660592
sub-0048,1,4.235855288867574,7.259443464655908,-0.7737189494911989,6.581989045381048
sub-0049,1,2.5483712687223665,10.34181213609066,-7.098194997368664,7.359682370444985
sub-0049,2,-0.1242990791680762,9.810309802766998,-23.978904017684822,3.928842500794872
sub-0050,1,7.227266424094284,12.94170575178731,-12.883355630167724,14.353674137323976
sub-0050,2,5.67716094705839,14.368496230719222,-35.65291115369819,6.024287449366193
sub-0051,1,2.4461683561765004,7.4375336269922725,-14.895792746354074,6.729480018488723
sub-0052,1,2.207780083846993,6.551758528933906,18.986190708505287,12.76761565959352
sub-0052,2,-2.4674184221063933,4.284885524538693,5.0228495414438985,2.5570304594974766
sub-0054,1,3.2075249437533135,5.369665348507506,-19.042851855057354,4.339900820554165
sub-0055,1,-1.20138992081892,8.475351920444265,-23.48821285362173,15.6291848125756
sub-0056,1,0.8914872909513747,8.90915535192891,-10.63418124601031,2.8424732142172036
sub-0056,2,-0.5252610048954587,8.171686448764735,-19.00408020314978,4.4545558283322535
sub-0057,1,-0.38231235119886825,10.569591214744822,-21.110825429852294,8.526339983956932
sub-0057,2,-1.8515984214245114,7.031394726907953,-9.484390751024462,6.807313289205582
sub-0058,1,-0.5121038034013905,9.683990863593152,-11.7863974647019,7.088497389119756
sub-0058,2,-1.9015683170846414,4.990869799972909,-19.636922301142494,14.739137002079847
sub-0059,1,3.3525105325307423,3.082723559998173,-7.276874101025332,5.691076919370808
sub-0059,2,1.2298565301045123,3.3020441194853642,-3.3336018183323395,5.039286013726312
sub-0060,1,3.753142935113158,4.263528313300868,-41.175512295875215,18.9018648282874
sub-0060,2,2.3701707683304996,4.515119830247293,-11.35403683312597,9.859282815560013
sub-0061,1,-5.730358558675122,6.468330129899218,-4.271026309588477,25.45152076114455
sub-0061,2,-0.9537620060729239,8.029926319897033,-12.597058512370523,4.305255735794625
sub-0062,1,2.614353725941615,2.367135913862791,-20.46210061764724,13.528665192787399
sub-0063,1,0.8938841772292602,21.433673033156968,-9.904224806640054,12.123997608670408
sub-0063,2,1.7780457118048008,6.5168880889945795,-11.387611210424577,14.110252621910393
sub-0064,1,-0.6631669446905913,6.626528818206267,-0.2860062554177558,3.45350635411257
sub-0064,2,1.2816005085711122,5.132162724212162,-2.745567366794903,2.289779976129101
sub-0065,1,-1.0491286186722963,10.266512056053317,-31.199515805961745,11.329227965496598
sub-0065,2,-2.6621460225354796,9.50879681174022,-19.275543010734406,4.973389641050493
sub-0066,1,0.5406883269671712,5.957919936854627,-16.521904346972196,5.440932898069381
sub-0066,2,-0.19840348989116324,6.266830182301883,-23.31700190534844,9.49468709522485
sub-0067,1,-12.653077283305699,29.07289464636238,-38.394273793095635,14.74380460211393
sub-0067,2,-2.2010683783522498,9.514209443971298,-2.624038982806749,16.450764083984268
sub-0068,1,6.313567442988767,6.02766387272208,-3.313786841808847,7.456580343157611
sub-0068,2,2.824337447106451,5.882916768338326,0.3706824956423245,8.773198190085276
sub-0069,1,2.0688438349874794,10.780745548414234,-21.609216618192296,8.942073479082351
sub-0070,1,3.155051984863535,9.759336477607057,10.451509859215344,5.305664889157935
sub-0070,2,4.500170138792934,7.478624815349996,2.9553854008750884,3.707209497540817
sub-0071,1,-0.5245438484177921,9.118946368859408,-3.6800649190182186,4.949970520860095
sub-0071,2,-0.30352320858220866,6.240978569400873,-5.198388044532914,5.836075306700072
sub-0072,1,2.2027264025223574,7.337227621234058,-10.44608428523609,3.421879235149246
sub-0072,2,-3.271675694133974,7.7978780629087545,-21.80757483122673,4.765372359513457
sub-0073,1,-1.6618454460395795,6.928398199936761,1.3305591109071462,15.482079054136186
sub-0073,2,-2.5529716510925877,4.998445856922914,-10.516867322116894,3.673511105515946
sub-0074,1,0.24975046612171226,4.515007370985246,-0.3356800766415242,14.998934808377888
sub-0074,2,-0.09664459249335434,7.301283344998912,-13.284534811182896,21.75893294590238
sub-0075,1,1.8842753901727554,5.6483071569022085,5.194441825510139,9.686579825360834
sub-0076,1,2.534220472509422,10.621813733670352,-12.363140412959877,11.970097729600361
sub-0076,2,1.3803619868097299,8.83650922910204,-16.146624295427156,6.971840429169841
sub-0077,1,1.0934395747401044,7.0771642756472755,-21.531030355213282,24.299573231106336
sub-0078,1,4.857326948043247,11.283873785519619,-5.242637603883688,5.69995169150435
sub-0078,2,2.044648930978214,7.413338054842723,13.123946360583647,3.1579835773254916
sub-0079,1,0.7616418898804943,9.61044594322567,-29.147519236895043,3.8020106186978864
sub-0079,2,-3.6327573382168983,9.680950587422481,-22.719837870188424,6.568077015488717
sub-0080,1,0.6027343566236144,10.386545250510844,-10.871172448849455,7.566198090942624
sub-0080,2,2.6679661962678303,6.315705430582594,-5.08820239364965,4.62618892514804
sub-0081,1,-3.3661864846262897,7.708630724626597,-11.685596408826742,3.311534566664878
sub-0081,2,-17.38126782286025,25.366070599965166,-25.114158953822553,9.221146587082353
sub-0082,1,4.962318558989142,11.89424666387008,-2.8059760314749984,11.408127438729087
sub-0082,2,6.276927532481167,6.190800017707991,12.954210527920816,9.384752802648256
sub-0083,1,3.778841196275027,10.97994557615798,-25.594144384293088,7.730713949077981
sub-0083,2,7.512513725919387,13.610317824698614,-17.627301660859477,5.6025022487022635
sub-0084,1,0.03887537541894276,9.569946296968054,-5.837519691377328,8.421099458664424
sub-0084,2,-1.3694579391474158,3.241018696318591,-15.908651155828043,6.118462180661204
sub-0085,1,4.159063203984269,6.04109402336831,-8.180812739608076,20.085577632745164
sub-0085,2,0.20859020306617093,13.058974578421822,-12.167971969277056,5.01586577900855
sub-0086,1,3.677642998691629,5.363781175530318,-13.615347262989665,2.729825312002985
sub-0086,2,-0.26120182221725946,6.592081578459958,-14.098130172796207,7.620814238607329
sub-0087,1,5.016153108837317,6.05072472175318,-5.0269062104494004,14.269037278116354
sub-0087,2,6.5981035015523535,10.948025163790744,-6.018874405870923,4.319489248505576
sub-0088,1,0.4739308517362753,4.281399297243498,-0.017613334568234322,11.807729315401913
sub-0090,1,-2.082151737250818,3.360044652551269,-8.061066481692345,18.17457371686368
sub-0090,2,0.5296804412913395,4.9644694413742485,-5.3701375201694965,9.162211609945102
sub-0091,1,5.132629333127167,3.4949276657769275,-14.603201545246575,13.55935049855724
sub-0092,1,-2.0819601501686757,9.878240727735557,7.739177252452372,12.827814683078403
sub-0092,2,-1.9167819217883626,4.566198416811289,11.682493589471596,11.428428361078925
sub-0093,1,-1.6020221024875267,4.8754463124532466,-36.91823384185729,21.014296879410992
sub-0093,2,-3.0853682114907475,8.386228294372305,-19.491519676191942,16.061941572140935
sub-0094,1,-10.197168953012472,7.07830855147773,-27.19782146829549,3.1327844101396125
sub-0094,2,-10.856174649461328,13.364434238172901,-29.306194420672597,16.197015222471236
sub-0095,1,3.2378605200695794,7.4481173707704285,-4.870851367829094,8.455658579416358
sub-0095,2,4.3303090701907765,6.144800170239667,1.3299069941946258,2.893879220889853
sub-0096,1,3.607431601686326,7.096634912256637,-19.77023997008581,4.518149799746256
sub-0096,2,0.22736882312930512,8.481265629543703,-30.142877747443286,7.0835500588641995
sub-0097,1,2.0624674881211797,18.96225062181333,-12.067344338679835,8.01071143973067
sub-0097,2,1.153630340106871,7.70473985195468,-7.921885946753928,9.053326199527211
sub-0098,1,5.150898970703173,11.50356666142222,-10.23110826997776,12.130627295543308
sub-0098,2,0.5664007190878769,4.17760139199653,-23.147441843228034,10.11853133169716
sub-0099,1,2.754731536823829,4.335453707506862,-17.291575112411834,18.47241802527211
sub-0099,2,-1.1584243812149566,8.174258620988322,-31.27489314163911,7.331813678072845
sub-0100,1,-5.051660412827643,6.709504889911648,-1.0838496087239233,7.383333801980035
sub-0100,2,0.38659233092538775,3.575033146769347,-4.279089847988709,9.495627328566393
sub-0101,1,16.258703734936628,8.096820146196437,16.46418165266208,8.566980759166192
sub-0101,2,4.543886101588805,7.832278890800138,3.5954578379944153,17.53885441995734
sub-0102,1,-1.2504143250355837,12.19637356461391,-12.577786330794739,15.342304165007391
sub-0102,2,-3.7755273529452125,5.315922278130354,-5.094732673656296,4.315069469845087
sub-0103,1,2.5248309306010306,10.26776369161608,-1.8223018081725435,13.122821585486843
sub-0103,2,-8.620221699192362,10.793716282834255,-31.3348582877211,6.485561063312192
sub-0104,1,-5.114106886284144,7.796779351774716,-11.603169468174388,5.491280652035218
sub-0104,2,5.133197416592901,6.928154020119464,-4.681747737026162,4.835018016972681
sub-0105,1,4.854425099058142,4.578554919807091,-0.5475059635407771,6.966172044843153
sub-0106,1,1.566511229283197,4.768956744307335,-17.74651677312629,6.570463908259432
sub-0106,2,1.1079403853769936,5.666257192019631,-5.675705994548166,19.12210071596602
sub-0107,1,-0.276769220654066,9.903363550996954,-3.295095819473982,4.037043344565235
sub-0107,2,-0.6491087116033125,9.635308885245705,-5.583218732374439,3.9535638804007407
sub-0108,1,0.8569722564612009,5.285791200874083,4.948576870754156,4.948099173118588
sub-0108,2,-0.4070694953141515,2.8767464246608134,-3.3746160000700782,8.398970805552734
sub-0109,1,5.991850047061915,7.951429701883994,-0.24372566891970593,8.19148843375512
sub-0109,2,-1.4660030806053224,6.541069255156092,-5.963846904558032,3.370918095950514
sub-0110,1,5.7972737267947085,11.86182352198019,3.6915564695022614,5.130210334526884
sub-0111,1,-4.603127337209852,11.426655444975193,-9.104343459531796,3.4227799741238445
sub-0112,1,4.033048403577313,7.2996791316774,-7.872073401140661,19.43054976973962
sub-0112,2,1.5435659680603449,12.661968341289072,-29.739960541190108,7.081085981009515
sub-0113,1,4.868317971635876,7.3861413140578085,9.734027143499791,3.967408214101626
sub-0113,2,5.205580565692471,8.925150911758944,7.492419431656799,3.586073286068672
sub-0114,1,6.175807718957612,10.096415584529398,2.1073420268847283,9.603480064191718
sub-0114,2,-1.8034838222136431,9.128789568568065,-7.009604195000586,6.50184116925677
sub-0115,1,-0.86593973242731,8.970799872044504,0.24634987108956916,3.7931205656722664
sub-0115,2,-2.3737373173075116,6.970973123093974,-6.844245852917071,12.338003869810363
sub-0116,1,-1.3556718329472515,5.37083939255433,-4.552321834684428,25.09676687044999
sub-0116,2,-1.5453339156947075,6.313607142607325,-4.6090811436792825,7.545894418891941
sub-0117,1,3.664190259750141,4.090964018356422,-4.717952241529048,24.432690778821126
sub-0117,2,1.757637600989861,4.499002026308262,3.284794667704897,8.8993945966159
sub-0118,1,-1.63502096920768,7.40870281984842,-32.71781967124319,10.105529902909824
sub-0118,2,2.472109645785521,5.671823623167,-23.513477864457553,12.584462210934594
sub-0119,1,1.1017828252513877,8.317672895109917,-1.3664834837428543,22.739634832111452
sub-0119,2,2.1704768326527275,7.994265747927497,-4.7113493762764085,12.114415958869705
sub-0120,1,0.07615244924416519,7.431767059115561,-13.880443626360726,5.806974759628769
sub-0120,2,1.2965839244273933,6.889070466782725,-16.42320888316359,7.560241943760129
sub-0122,1,1.076571770280631,6.3999095743954335,-1.0254737696357992,15.980927699320539
sub-0122,2,-0.21662225354606768,4.491013753815982,-5.716434754308243,7.632139633697478
sub-0123,1,3.6249610805105026,8.104810511067281,-44.21229159164222,19.577359020775525
sub-0124,1,0.42523800432771997,5.236453802593424,-15.001744795860976,6.2746150309443305
sub-0124,2,2.8111954859861545,6.971409182307777,-12.701500680018864,5.429713042026677
sub-0126,1,1.2471984473729372,6.268762768121601,-10.793943681023059,8.570355967624618
sub-0126,2,1.7176001711517896,6.138065107152632,4.884263707210243,12.710406814961557
sub-0127,1,2.589857594939088,6.36290528902407,-8.498045608543253,10.390994177750835
sub-0127,2,0.06513368262445453,7.089150531951827,-7.612998163875243,4.724428892290303
sub-0128,1,12.17024521542643,10.525462092872914,-22.67787524877499,3.4896485506106676
sub-0128,2,4.107468562345985,10.111490760322177,-15.907385210597505,5.876454193434056
sub-0129,1,-0.7292146911917439,15.323156406730838,0.9370976842144607,9.948970709661712
sub-0130,1,-0.5482271383918874,5.676317468195179,-23.78884093875125,4.410470034085992
sub-0130,2,-1.0962317754979403,5.814693531916657,-14.707761016755393,2.439502653945049
sub-0131,1,-0.5959809780587939,6.585065002269519,-4.04481154985564,22.831105848108532
sub-0131,2,4.418527853446414,9.427625868960797,6.667118640210339,7.850372808001874
sub-0132,1,-2.4914326784052885,9.846782233207243,-20.684687328770472,26.073179329337645
sub-0132,2,3.5345806440579355,12.513157074560976,-9.21637631173545,5.163846459738968
sub-0133,1,4.97339255208133,3.659951665274916,12.068993653745016,12.524944943485362
sub-0133,2,2.5143418951104826,9.023953729834592,16.506154546797312,7.742752400495154
sub-0134,1,-2.6722990446925423,7.331174859391692,-2.1273789853991425,2.8332961257239053
sub-0134,2,3.2102131876146993,12.265991817777564,0.2192644427369685,6.4117144603569445
sub-0135,1,0.20782040160827045,15.318193749409268,-18.418660951855763,15.574118492907827
sub-0135,2,3.111058843364638,8.328776990200655,-2.349991754522236,12.70074003891999
sub-0136,1,1.3656868236262132,5.143101915580923,-10.097877522370988,7.674952927839292
sub-0136,2,-2.0014860409300774,6.110393255754181,-4.478214935745551,19.008622720014962
sub-0137,1,4.230316151148287,11.079287935522164,-8.935439490836716,5.492081529134908
sub-0137,2,-0.22506859544340513,6.6162660201437555,-10.095585895139465,9.173315079098467
sub-0138,1,-0.061378602101718596,7.707622482836098,-12.426391617629154,6.502349382814962
sub-0138,2,-2.967461840451212,14.353997788838496,-0.2780259707861552,6.433818461916102
sub-0139,1,-6.322216117765923,9.774962130633861,-34.74275044268179,5.491597803239123
sub-0139,2,-1.8045735486313053,8.452969345426467,-5.295571454057202,3.598086482157135
sub-0140,1,5.700606887820364,11.42519482099602,7.215798211158422,6.691990654927393
sub-0140,2,2.909236910894328,11.61990448180618,-5.9318758845064385,4.172760623296679
sub-0141,2,8.546630616730482,20.124151080624245,-13.108777050628444,24.78267934673416
sub-0142,1,1.2942338205808142,5.195839006492525,-4.536487922876691,11.060863204053883
sub-0142,2,0.1995894906366438,4.983560954455032,-4.919724298756379,9.260976548591211
sub-0143,1,2.3409351032921313,4.923020924826249,-6.224194205802181,3.9459545341468125
sub-0143,2,3.429878756302062,6.692809114953669,-13.331378378598533,9.941695678788772
sub-0144,1,1.415150731781034,5.534071451092952,-2.5929780264207043,10.982649108392218
sub-0144,2,4.92943922307849,7.325594250589191,-1.8583943221766075,12.955694474084249
sub-0145,1,1.2759998193920237,9.173995329284987,-1.5930292014705147,4.6628010872043095
sub-0145,2,-1.5595996620987398,9.841542035830313,-3.3953871645517055,6.204916813626567
sub-0146,1,3.0175951539866417,8.13374279747124,-2.3931482852704993,19.809032244726122
sub-0146,2,-1.1282906496398069,5.552625300998569,-2.147210648022361,4.022479420557567
sub-0147,1,-0.2375664267451893,12.779283196394823,-10.739956652635986,15.490234806999583
sub-0147,2,-5.019581775837878,5.910459427839683,-5.268020669939475,23.02976798473204
sub-0148,1,-0.9562524002757058,10.563290606495645,-12.297030687714745,9.421412084359382
sub-0148,2,-3.574722356547804,12.031879846115936,-27.742539770941015,6.106916934940289
sub-0149,1,5.61078387400538,10.658943508000913,9.621996162616874,22.37755437224073
sub-0149,2,-3.974214243859002,7.994466243863525,-9.444411465793523,9.838489837624167
sub-0150,1,2.776494847930085,7.257617119815615,4.843980243662009,22.272898929288793
sub-0150,2,-1.1087776250890569,7.995730878814794,-11.493136773299902,5.568162807681954
sub-0151,1,-0.89848113373321,8.00155649431867,12.083916478197033,5.2856365003931804
sub-0151,2,-2.1669693485238906,6.341129282933468,5.493390835790333,8.225479436498892
sub-0153,1,2.8230575744491615,4.0716331863364035,-20.787142637287054,2.86646924519747
sub-0153,2,7.451825474402096,8.223169322442805,-6.561875518085193,8.490516779843912
sub-0154,1,-2.6756196453223686,10.28172495616076,-21.56705760919606,7.6272195153997995
sub-0154,2,-0.03911391531967624,5.6832080373268825,-21.41876792332404,6.714577384212208
sub-0155,1,-3.365446943521641,10.983874115054974,-11.489580949184088,5.502268858708337
sub-0156,1,5.547493775672608,10.84815825645241,0.6037681320042775,14.82818837737713
sub-0156,2,1.1312456906688284,7.9903189492297475,-11.929529773762082,12.214137548090346
sub-0157,1,3.527021392344761,9.6505133723281,4.275910595482061,4.56294546315872
sub-0157,2,0.4490651326981603,6.47620376316687,-5.640450485802692,6.615451507296277
sub-0158,1,-0.6101168221316452,9.602339762682853,-10.184589924386424,8.03623447693128
sub-0159,1,-0.30707640158852534,7.60572471263718,-6.256897089354387,4.656876647323032
sub-0159,2,-3.620526086181308,6.312006562650997,-16.809505012994194,5.1162972815245045
sub-0160,1,1.966050627897916,6.442617477950975,-18.600560064215617,7.157737263182992
sub-0160,2,1.784150854374709,7.653249133010512,-12.462969578053137,6.583921600083743
sub-0161,1,0.8497356013802014,4.8003308491435135,-21.962033351183322,20.467028413420124
sub-0161,2,4.979459692555225,8.60983407985637,-12.114378962093655,11.478975868946337
sub-0162,1,1.572679907501742,8.901288526809621,1.6787021615146944,4.344425553683513
sub-0162,2,1.9136961829299493,13.161020584568362,-4.302156668501479,5.51073545997882
sub-0163,1,4.2893558037152975,10.505525901845962,-8.459743340157809,17.40475215839143
sub-0163,2,0.6113506957260341,9.98318534023849,-10.467546717841731,9.1804376057903
sub-0164,1,1.4526006929497,3.879563602000909,-4.527778430768444,11.225863575618972
sub-0164,2,0.59976478958627,5.982509624963301,-12.733167954010526,2.5428388530101675
sub-0165,1,6.897683155564031,5.970761935875488,-3.8281832383307073,19.601936971891462
sub-0165,2,2.6668102888070484,9.105497533228853,-10.84193502429368,8.637294510643608
sub-0166,1,10.3162534832774,19.70308899522589,-1.9075800944836887,15.696611948609018
sub-0166,2,3.0794919628147257,7.714013981174392,-3.0453820699697873,3.2705696055327156
sub-0168,1,1.5347234838139687,10.519587175309413,-3.5735031988986945,13.766006684484456
sub-0168,2,4.015740956184077,10.772893575542259,4.228626918969926,4.374613708779667
sub-0169,1,-1.230600271223054,4.632456628608025,13.382097700652386,2.4094431587167575
sub-0169,2,-0.7837664619689241,5.4439213544769425,-6.952044416410627,6.37881423511473
sub-0170,1,-2.5460397360516507,3.355430340606113,10.973048059126793,23.832876530161876
sub-0170,2,-2.3057114334576543,3.00993421232926,-6.880972803273918,8.14727053482789
sub-0171,1,0.5153825235497127,8.157158938703276,9.680917691590933,15.231877312313001
sub-0171,2,5.906776260861077,10.144843998291762,-9.720584600236958,4.8919605857313435
sub-0172,1,2.4557918745720584,3.357639649081932,15.25548471585244,15.640671296127564
sub-0172,2,1.1662981920016275,8.035780113461668,-29.37463351584837,6.075055544045114
sub-0173,1,-4.109174007426465,5.386086105854496,-6.394716203051349,10.581766065885583
sub-0173,2,-0.3555175362631321,7.181980636474414,-15.683481730086367,3.6948002526707873
sub-0174,1,-0.9233525460256405,3.415006602715635,-22.102844404785785,9.166166518908602
sub-0174,2,3.788525462950515,7.24787960901831,-26.418201880717515,3.9002753593279684
sub-0175,1,1.6023211434178388,7.139151871830398,-16.5952939464415,2.646943861149981
sub-0175,2,-2.9564574689739,9.283715298700438,-3.852056157915272,10.098161079533394
sub-0176,1,7.40842133692021,5.2149714979754735,-11.167659948695222,25.628592242800543
sub-0176,2,2.337437340968927,7.640867707220838,-14.48089525306205,8.811192753758977
sub-0177,1,-0.8112562333333678,4.536056839220149,-2.6030504529760687,28.133567973583506
sub-0177,2,-0.9784374859349265,7.244236367632853,-7.2925757841751,3.872294659197988
sub-0179,1,-2.0354159539293524,15.207146806091862,-32.0407008490155,18.258563510928326
sub-0179,2,-7.234568205874308,11.170159385438815,-25.541859563024243,11.97024520534573
sub-0180,1,-1.0433693706175582,8.444096287870929,-5.522179859386805,5.938063415591425
sub-0180,2,-1.198528102641921,5.73014968765999,-5.59525929843506,4.500869686244844
sub-0181,1,5.613650117611775,9.825055468479487,-18.428428104390296,17.34285130562761
sub-0181,2,-4.827977084825961,11.397668144697949,-16.368392355536184,8.579213676891483
sub-0182,1,4.209715240287783,7.509573096810418,1.911964101790509,8.413846044824547
sub-0183,1,6.244619518107091,11.80459051414667,-11.645321873465278,14.481804795003972
sub-0183,2,-4.403116939845208,6.175060601521614,-18.382279327185895,14.84984407151509
sub-0184,1,1.3374849947107081,4.791369898911137,11.436546698898143,11.53338839255467
sub-0184,2,0.36475085241415495,16.571810287667446,10.243644469916697,9.846928053409183
sub-0185,1,5.041810358039999,9.983265770769167,-15.941995615325206,11.260716152593838
sub-0185,2,-0.9443934828233553,11.284389910192402,-23.706987737391888,5.932825336325716
sub-0186,1,7.987975127421793,24.018870161910904,-5.669073774227758,13.547614782830712
sub-0186,2,5.8025594908854705,17.39677823611813,-11.796661376826513,12.614409695600957
sub-0187,1,-0.23113289035500856,4.999709860346746,-3.892118372595754,9.278794964191638
sub-0187,2,0.19883515430683343,9.163529589106464,-16.367947106694864,9.13941421909869
sub-0188,1,-3.939293300306908,14.261661620294431,-15.829107226738742,15.108008756256867
sub-0188,2,2.0030983079700295,9.332027067170959,-5.01784298664707,4.1061019418734706
sub-0189,1,2.023784697789895,9.454780347203846,-11.70320099212971,3.284592093253629
sub-0189,2,-2.804718460620443,7.384264688028074,-5.545464157250477,3.9381302189494916
sub-0190,1,-0.0132897529892296,5.484145572741289,-10.080046310820828,13.432423719339978
sub-0190,2,1.466566489260019,4.714945502774215,-5.823867924960393,13.272060525239329
sub-0191,2,1.2691055854065416,9.754782146935911,0.8687826569224806,10.725600573878156
sub-0192,1,5.177522079234109,8.111300949489346,-23.907413977479944,17.40941592404814
sub-0192,2,0.20221272580870195,6.043795532534048,-33.78050701308448,15.305020383161558
sub-0193,1,-8.517449740162178,15.65563818817944,-3.531986548342189,3.9479329989721728
sub-0193,2,-2.0618717066376147,5.919250859731036,-6.8406432224718685,3.5776127688118966
sub-0194,1,3.847964314600004,26.94160432365122,31.495520056367226,24.95806107903979
sub-0194,2,0.8386627151810561,7.706994969690062,0.42068939558222146,10.65656769242279
sub-0197,1,-2.477129117525884,7.046107068666549,-6.131250297503495,19.01829544474574
sub-0197,2,-3.2784062914189662,4.877424512730706,-7.773295688515231,6.020243718917444
sub-0198,1,-1.7045593971213024,10.758183351952514,-10.559255840509902,7.208362497177126
sub-0198,2,-3.8616123172008385,4.383088003967195,-24.50454752902554,6.067553737769686
sub-0199,1,-0.8787590125081017,6.816898922636901,-21.31547897409203,3.11684423180884
sub-0200,1,-0.16963445372464162,10.708241798632367,-21.046640205737024,19.05305777886571
sub-0200,2,-3.332384129730789,6.981621896231065,-5.210622155202378,2.3867296476068725
sub-0202,1,2.81606587033501,5.499369593153404,11.516890016036344,10.975430782890824
sub-0202,2,1.4274306597571913,6.287504539990821,2.0341552963755043,12.49151970606544
sub-0203,1,-0.7069115980310663,21.746770517793685,-14.787351423720644,9.47062541649514
sub-0203,2,-0.35230528572796915,8.285053502545408,-24.313443400093792,10.04196739552043
sub-0204,1,3.5438004379342964,12.947853138815429,9.135737784439133,12.088343573762426
sub-0204,2,2.0881207666996944,8.267880262375773,7.354164504271314,5.329662587652554
sub-0205,1,3.3300806312393023,10.694373010789464,-15.907812363431065,13.564310086114691
sub-0206,1,-4.203327300067711,6.294065266865578,-5.4983398895009055,21.933907675536197
sub-0206,2,-0.29252365269489755,4.440889966542335,2.835908859907233,22.316684834314987
sub-0207,1,-0.610532032081911,6.247064881041468,-17.459339127217817,11.31142210053312
sub-0207,2,1.779566681246323,5.968504922614704,-12.850568075057117,15.485539594916915
sub-0208,1,1.1519910455962232,6.085849364457718,-15.313390094887826,3.5486098627242657
sub-0208,2,-2.7313010024040376,5.757858449927204,-2.3255124389002435,2.4838688449393085
sub-0209,1,0.25048929890033367,10.55478358424793,-5.065721923710209,7.113887312881388
sub-0209,2,2.0021007401396655,8.001424970426202,0.8691598623951452,6.555104653063279
sub-0210,1,2.612937839980171,9.085231071483351,-16.917362344471925,9.864701105144203
sub-0210,2,-0.1002833417034002,9.732647875819886,-23.06059383700401,21.600688135314698
sub-0211,1,2.617360196461895,9.116360995499749,-12.903966683789603,13.538201567672017
sub-0211,2,3.1967461624727838,10.755690495701684,5.965744478812736,13.172892407925541
sub-0212,1,-4.661401555034697,9.7746639428875,-2.9175081616919125,3.699104921306646
sub-0212,2,0.4050325403455762,8.165721404747586,-1.4296751077584056,15.40151905061004
sub-0213,1,0.04038595103669982,7.652698563373263,-1.592941762776048,10.67869205814022
sub-0213,2,-3.683457407501818,8.31342180326989,-3.6568026898265,3.5092667140356144
sub-0216,1,2.575595361695242,9.986888853014076,-33.99593960988651,6.200727133106202
sub-0216,2,5.441588464536719,6.632031131988073,-14.415303523367287,6.622860988980416
sub-0217,1,-6.750622990156739,10.652569320083893,-20.47384058288225,17.467938050184
sub-0217,2,-8.978167873829502,18.96876895800489,-29.398402024324444,12.126338805227403
sub-0218,1,-3.453788327773269,7.025254434212505,-13.4460345658012,7.5863547829576214
sub-0218,2,-2.850363906768988,5.293386095087702,-28.77487556488564,6.097039583851436
sub-0219,1,-1.5575312803909664,10.49947194739098,-20.89030353958361,4.948984664800884
sub-0219,2,-3.7062756397488044,9.121277315721734,-12.086324986145588,4.58122360733715
sub-0220,1,8.548535864512738,8.932333215300211,-24.69892000034573,3.7006023133455104
sub-0220,2,11.567926885294314,15.61040436840326,-20.06631476815659,12.599433627675095
sub-0221,1,5.569694442252885,5.307977449883754,8.475567829881266,24.793664200392133
sub-0222,1,-0.04503708889425829,3.7816404620349635,-8.86343087107202,19.064637661342072
sub-0222,2,-1.452702909181804,5.267264293022508,-5.6479557680203945,6.2279603172066285
sub-0223,1,-4.307474162554263,11.850050578333416,-4.502017355780463,20.557306119891162
sub-0223,2,-6.443866651899002,7.610148601967972,-9.282146689806249,7.69474900518728
sub-0224,1,1.5387116900970355,3.8787703166028096,8.147364655513849,12.309725196581894
sub-0224,2,3.2899238510612183,3.5871992645435418,-2.6169219786164657,7.089467535162044
sub-0225,1,1.229400429537132,7.566880011968339,-15.96102642165826,7.259955361561104
sub-0225,2,0.04510158914726246,5.9467552228947405,-14.97283850342157,3.3128229917754033
sub-0226,1,0.11308831253484183,3.6977700483431653,2.0303157727401926,18.590140286548525
sub-0226,2,1.8813287310928204,3.7340283081869283,-2.3631363795269222,14.433817769485279
sub-0227,1,4.98276610189622,11.944841690543985,10.666543579131138,5.159449079680809
sub-0228,1,-1.3883558811022307,17.139758994447266,0.509657727806585,9.415187100669009
sub-0228,2,-0.1329472691441393,16.957834777780416,6.282429785763661,7.738685013584531
sub-0229,1,4.242152586171802,8.073278266745266,-14.550157306376747,14.497551452435127
sub-0229,2,-0.7818321980214925,11.340716660699913,-13.156301571433076,4.893247571375271
sub-0230,1,2.441203675944901,8.229482730875842,-13.208158054309868,7.089590426351018
sub-0230,2,1.3462305951284657,6.447902588642856,-16.31232762655064,2.8816201869885245
sub-0231,1,3.38180675971519,6.297885298514958,16.427431655971844,4.008683045723058
sub-0231,2,-0.5116240693930443,6.664432573938106,11.537365042086888,10.206639805840862
sub-0232,1,1.702843737215131,4.672517291843484,-0.36051208723728995,7.654179376157588
sub-0232,2,2.311697925799428,9.33758652236019,5.1402099474588905,6.666056116143499
sub-0233,1,2.0033793965675732,9.596400224230758,-4.060973848866602,21.260146584746764
sub-0233,2,2.586831532752941,5.353625288391734,-14.820979565257963,9.4663928823846
sub-0234,1,-3.11657360308157,6.704186560204437,8.006492762119693,24.523225686066535
sub-0234,2,8.540884199836789,9.612591478137547,9.07226631268903,7.9453484928191624
sub-0235,1,3.089884188540428,9.94616561858578,-12.629492413653256,17.348477788877346
sub-0235,2,-2.6741017688561786,5.429778876427723,-13.1711777455927,4.271775107830874
sub-0236,1,0.0388198457096073,7.655030634401342,-18.768214875240258,7.910780814530523
sub-0236,2,-9.458118287705489,10.775499995165573,-21.63216629389613,12.096578784853682
sub-0237,1,0.8198193071852642,5.789363311336978,-13.23479018613962,12.166251328189862
sub-0237,2,1.3978883750865576,4.084682075940977,-1.6185823640367694,11.83064116436297
sub-0238,1,0.7630581506869668,4.6846838124003485,7.446860039574691,10.675145956754546
sub-0238,2,-1.1393032507287917,13.947059853140477,8.86454143776601,17.80071252129824
sub-0239,1,1.1365083151123916,7.10805021243984,-7.0372535867044,27.00200205547672
sub-0240,1,-0.8101158717122944,8.478772843780101,-19.18643909499033,3.85701686350675
sub-0240,2,-1.4711695071686937,5.0605437077681925,-2.594782423042486,3.719105290429723
sub-0241,1,4.63298393410055,3.263097374763435,-10.197453922620888,9.489185317417817
sub-0241,2,-0.24719749637951155,5.0363032185523355,-3.76363109940125,6.542994812208911
sub-0243,1,6.219688567627943,7.614137583472617,-12.502166226086679,4.243055838374331
sub-0243,2,2.086391548994371,11.06772146300828,-14.455063009396035,10.821051207837495
sub-0244,1,-0.23952424964657093,10.558923500635553,-5.671353836722556,15.894660336738074
sub-0244,2,3.371102428450877,3.79799667591193,9.608727500525625,13.878786933698928
sub-0245,1,1.606971187058744,11.406419810205962,-24.712943385968924,10.466372211634532
sub-0245,2,-3.0666160515827356,7.040199350159888,-16.288961365010483,8.4321271212247
sub-0246,1,2.5672306040934294,8.91432651646655,-9.319852202207029,6.640267444866788
sub-0246,2,1.019963931258398,5.616431684312129,3.4497148649044855,3.881929298781555
sub-0247,1,-0.4415945237518091,5.904896267681885,-8.234807836000497,8.444930955422263
sub-0247,2,-3.5912958940231916,8.148995066618511,-8.47685387645878,5.066475267990389
sub-0248,1,8.076482342543478,7.992280770212846,5.823124241354453,7.379770042677761
sub-0248,2,0.8585303489466832,8.95043875880751,5.275328970917837,7.624582943515752
sub-0249,2,-0.7468669411047411,9.443032358198547,-6.081025346389806,3.4433573955371997
sub-0250,1,-2.079477030931498,6.983361565158268,-5.199432046377617,16.610676507995528
sub-0250,2,-1.5366887453118308,7.498201780675971,-12.40672169103027,9.321897368030145
sub-0251,1,-0.16802009460652978,12.446509557306623,-0.11344454055952806,11.767875500476823
sub-0251,2,0.48347972387752014,9.076814995812692,-0.26731047511366135,5.097250896438718
sub-0252,1,-0.5105986767119245,9.060281700557749,6.5288992889856905,5.46277806442784
sub-0252,2,3.3499999471341044,8.42118253517398,2.3964693691128787,4.270425738043979
sub-0253,1,-1.1624755699922242,5.102434564479881,2.789296593255479,13.727461040290764
sub-0253,2,-0.6382147113619242,8.317085003139582,4.508541739853795,4.9094018071226
sub-0254,1,2.0416934549699333,9.510619223499072,0.7691652717860101,8.651282490011937
sub-0254,2,-0.2694117300408795,7.0248166965326035,-0.40102022241575686,5.236016240051409
sub-0255,1,3.6863864747359423,8.167375367302906,-15.343089626556651,19.863700315034365
sub-0255,2,1.5016324442762,6.556281154412103,-11.38314638657498,8.786367785926362
sub-0256,1,4.524089928475836,10.889682380184823,-22.044025433394097,8.389820374192578
sub-0263,2,-0.8168766797145274,5.66211800239086,-10.205338391984364,4.593381655168511
sub-0264,2,-0.9595069989294109,6.733266849629131,-3.4995774953614367,4.421131729048775
sub-0265,2,-1.4971632643999164,2.350880052081986,4.155989545672099,3.958903816784902
sub-0266,2,2.066078178449626,1.6871332678033026,-9.410970476253162,8.85276832540508
sub-0267,2,-6.4629477887542235,11.111660549653617,-5.681412690164345,10.22417794989728
sub-0268,2,0.1679750061203612,2.339415058667319,0.2550886321070912,13.645880830717086
sub-0269,2,0.5703650877280241,2.592729003243123,0.8294037789871312,5.340106176085727
sub-0270,2,-2.8416478535904153,3.499463919473878,-17.475430809067433,9.89587623236253
sub-0271,2,-0.9483626813335347,5.815330284841151,16.8962891464438,7.500339983011902
sub-0272,2,-7.175214796256086,3.7745511018752205,-15.014605710123506,6.415004789294049
sub-0273,2,-1.8010434737168866,3.536045183134739,-16.60874321593448,4.616949214652358
sub-0274,2,2.023935258262776,5.2636245591454776,13.355556736740727,10.875632699322582
sub-0276,2,-2.5476437382509047,2.194780310689646,-4.185908297287395,6.114279246580479
sub-0277,2,8.757109260614133,8.545640858540251,-19.153309678486544,14.394761979658531
sub-0278,2,2.1491601789121813,7.075317299005814,1.0347146013885968,9.236579223238637
sub-0279,2,2.5510426920303844,3.3640186275659425,-7.9950178374414955,7.843882143400981
sub-0280,2,5.360126270481922,7.830129531096222,32.44274035830729,17.52359151845285
sub-0281,2,2.0021415926165185,4.376268023358571,10.582699753637069,11.587290581606569
sub-0282,2,-1.5086135602252535,2.6290672325155193,-10.725193666425067,7.348616881444223
sub-0283,2,0.7673146919303784,1.9335471754613223,-14.600685333182511,7.90539801535801
sub-0284,2,-5.724236982500106,20.87081000547999,36.45227578659083,22.303182704438743
sub-0285,2,-2.679584849452668,1.653437494453373,3.6592718181735853,3.9946894422472314
sub-0287,2,-1.4029951437590913,3.753089944038288,5.708335294809922,2.3348733909688337
sub-0288,2,-3.7111909344878002,3.8775978037247674,-2.6819651984207957,6.5717093215540325
sub-0289,2,1.310491688744151,6.775677631938779,-8.447700552650353,11.714704442473357
sub-0290,2,-1.375940210201242,2.1476971862654755,-13.835162690901559,4.127741895559273
sub-0291,2,-1.5942138762417213,3.9392215744212353,-15.3505200725859,4.919414027166075
sub-0292,2,4.115633272195244,3.497531431602858,-23.398423027466627,6.281986764588239
sub-0293,2,4.551241302225255,3.366844957235077,2.2987576032259134,2.4001313911090474
sub-0294,2,0.07639426424842015,1.8036040065445444,-0.5933149478738395,12.261681143963953
sub-0295,2,-0.6827943482331811,3.033895704403633,-32.43772974660922,6.796051425269389
sub-0296,2,-2.3128928319246502,5.224213869318549,-7.720850338501622,7.306272465662201
sub-0297,2,2.455485503042029,4.757590827804748,-8.697482555291343,9.499109121954275
sub-0298,2,-0.6575328491899736,8.391954761443351,-6.247917712646972,11.00578136167584
sub-0299,2,-21.218511177025647,13.498129853164674,-48.61262916910151,4.822094804152443
sub-0300,2,4.565989977601848,5.376271067197986,-17.606435943327718,11.039644904429098
sub-0301,2,-0.40130070108607335,7.049092320641367,-7.04608683909875,11.677438738370485
sub-0303,2,-11.042446561186095,9.837333853222047,-34.66809652011771,5.3198725448447775
sub-0304,2,0.8678430930111702,9.56945807173876,-17.535062514898033,21.879920861979006
sub-0305,2,-43.34049980719068,27.32769164221048,42.31475106058063,16.498729777458042
sub-0306,2,1.364176271786488,4.020702063994044,-34.65370156517419,9.205588511084343
sub-0307,2,-6.777088533213137,8.665485235039071,-20.634184190238383,3.9095128234481806
sub-0309,2,3.0341200614048596,7.008403762967678,3.7807602200586796,4.923548307092787
sub-0310,2,-2.1787583716945975,4.525777128574434,-5.282326113582887,7.204583736897853
sub-0311,2,-3.7238084599684997,14.915824697122897,23.958570067189974,12.224173766847885
sub-0312,2,-3.3848491948083663,8.44835418497648,-17.260452130713688,17.485978463537823
sub-0313,2,-5.211688684329454,14.092610376108354,-19.506528163090806,15.83952493284829
sub-0314,2,0.8215762520672949,4.7008974659289375,-9.650215763471486,10.125448417341735
sub-0315,2,-1.025111132807197,9.251534389976394,-5.648774411120221,10.020221847327743
sub-0317,2,-0.36861286272001875,3.9474085566399415,-5.986870604899586,3.1423940898645033
sub-0318,2,-2.168357462487551,7.756884183937505,-17.98301241050318,3.3863480925010885
sub-0319,2,-32.28895962023214,26.753978937242717,-16.177627752858324,10.025648560691284
sub-0320,2,1.560772404535514,8.80033698384758,-11.928238553140718,3.2486980549637883
sub-0321,2,-4.049396769108198,7.06237095094882,-2.057859017830862,19.62900972647433
sub-0323,2,-0.6893782446709902,10.636150850977453,-15.18581728725912,7.776452971860088
sub-0324,2,2.375231849534908,8.996740139417893,-9.982873676083623,3.613742931063223
sub-0327,2,0.2519447498507925,10.250342662098085,-18.064165546860597,7.344040818193372
sub-0328,2,3.2816743054345903,9.636460238964853,-18.174713315861414,4.146905035902313
sub-0329,2,-1.1981958408691835,7.6505783074721485,-29.155255063518695,5.449538473114678
sub-0331,2,-0.21185775886540814,6.806891534169499,-3.93328341969499,2.756742636453515
sub-0332,2,-2.239205986158222,4.467022136873693,-8.85013576945138,3.345671800871627
sub-0333,2,-2.384909932209735,2.9522415322550346,-2.8218520588576337,1.833859854729084
sub-0334,2,-1.824751925292253,7.364177423572689,-14.943023800723324,3.588706906648851
sub-0335,2,-1.3242188082913957,7.620433375165999,-12.700641431300403,3.4069594533186964
sub-0337,2,-5.515076390492852,17.046967274580886,-17.525182502727663,6.771129549277977
sub-0339,2,-0.6363577308468769,8.461059904632508,-18.151887076034562,8.778895919476854
sub-0340,2,-2.3750092649407306,8.413064827763069,-22.637495252902657,6.795333624671849
sub-0341,2,2.416686118600927,4.978512196847088,-2.9593472748363645,7.5692542782264045
sub-0342,2,-1.6662185543945693,6.740925321051292,-11.461900179469072,12.917588084287452
sub-0343,2,-1.0316485250493725,8.50619545925649,-27.642915374933654,13.403265585344181
sub-0344,2,4.273250210526871,4.7140330961721375,-6.231882562220069,4.319815869821698
sub-0345,2,1.8260329907753101,4.584976123845841,-3.548378315594616,7.531652435794103
sub-0346,2,2.166879632196189,5.233771016493482,-7.864318611528799,2.9983096176118025
sub-0348,2,2.564374453281691,4.131161810597403,1.08070880789125,4.766714749506748
sub-0349,2,26.687130154687846,27.84289637158835,-2.720035934433692,18.031185726098542
sub-0350,2,2.4175496384064554,6.861548740560193,5.363798271439389,2.396891153139456
sub-0351,2,2.291017931896784,24.43326838788514,-14.41638796823502,9.292152773042496
sub-0352,2,0.05361775283892855,4.803418839237517,8.205018977504722,5.335293022426345
sub-0353,2,-3.4714455088294183,7.915997396897941,-17.314233683326055,3.4318977209679336
sub-0354,2,0.4113977123727941,5.540182256688018,-12.484318946289726,9.244092534926564
sub-0355,2,1.979614709895956,9.172291858998893,-6.534442327262058,4.483016364562725
sub-0356,2,2.473138592652317,6.182954861022154,-5.018279896307107,7.596206991154744
sub-0357,2,1.0385572214842742,7.373400325862025,13.310855142157125,4.7607760365799505
sub-0358,2,-7.652735480908698,12.89322345285034,-1.0136855948094383,4.808487339373265
sub-0359,2,-2.1136103172814984,8.561407958833602,10.797707826975119,16.196637475485907
sub-0360,2,3.362417980240892,5.314037804492138,-0.7874144789091374,2.7906597831309554
sub-0361,2,2.1559874097777727,13.832751875118117,-2.9711992922901764,5.772775784956382
sub-0362,2,-0.7066521164131,5.825268750295724,-8.828020633109391,3.4945622720236744
sub-0363,2,8.610750993781197,5.557528896271329,-12.534710705852206,10.390971526153054
sub-0364,2,-1.0779382194175238,10.739769760856971,-4.753350120738679,5.702572304527198
sub-0366,2,-2.9281913211629287,6.573056413907642,-29.409887262376913,8.522830173449409
sub-0367,2,4.578103026721963,7.879885838620867,1.3461277704220378,13.759757531959313
sub-0368,2,1.5247378219333547,6.958344081304404,-0.8026992772936151,7.642455977505437
sub-0369,2,2.9200916409700666,9.20401146214946,-3.092634778075261,5.510811100606643
sub-0371,2,1.1284501297926588,8.070715045870829,-6.872130960840205,5.391611319645286
sub-0372,2,-0.7431374680679129,5.849960112099659,2.168758822958173,15.898073239136567
sub-0373,2,-1.6454323874809211,4.725920275683031,-10.754486725628412,6.122058252839745
sub-0374,2,-1.5638757165479418,3.6649389015654417,-12.776217034359101,10.686312669999076
sub-0375,2,-0.742552631767682,4.7879290203259695,-6.034114363008983,3.487083445684051
sub-0376,2,4.1976422312649,14.044116281315977,-12.553531532668442,25.823108608329722
sub-0377,2,-2.7210910780527384,9.584646171262214,-24.998275596221855,4.182265608367855
sub-0378,2,-8.538836742903623,9.12426006590216,-15.446433004004394,3.400583942928001
sub-0379,2,-28.03778451270515,25.14163785708921,5.243061904840132,8.831205017716423
sub-0380,2,2.5770250498531175,10.702556295164444,-18.515923729570176,8.049419976745018
sub-0381,2,-6.424800545048481,7.012520659773263,-16.392137468181414,11.428229071995423
sub-0382,2,6.304064936825104,8.186023372910324,44.334328407133185,6.316609629152373
sub-0383,2,1.1010187127128757,9.500788439694643,-8.241456741079448,6.441704867270735
sub-0384,2,2.060718650827728,6.71444379859885,-4.673833075422873,7.637040859937174
sub-0385,2,-0.7576654083121476,5.378742521167467,-22.071900177275367,12.546038633338256
sub-0387,2,-2.3101915477135253,4.827427989945094,-14.077293753404424,11.927526724753978
sub-0388,2,-2.1077547062632225,4.017940345355419,-1.461529627105275,8.742632628368282
sub-0389,2,-0.31366182361894673,6.376846552472707,-6.36539115259756,11.749936657977065
sub-0390,2,6.78424803816713,7.442491982148075,6.432060346792722,22.199043878362303
sub-0391,2,5.202750440351541,5.923680211446876,-13.733617948144335,4.962237796986845
sub-0392,2,-2.045163730256039,8.327399734237687,-11.60819000214906,3.256432164712326
sub-0393,2,1.8679702495670658,12.26921047865372,-10.941118396515188,8.614983471248344
sub-0394,2,-4.559379561828958,9.811421146102274,-6.3455402476701614,3.196892877788493
sub-0395,2,-0.5139000857787743,7.299157106810151,0.5857228368331694,6.222651228764078
sub-0396,2,-2.679746770655664,7.562649886434683,-0.184246157206619,3.732899059744448
sub-0398,2,-3.837611292814703,5.971601173545916,-23.419530289899278,3.2216801311603125
sub-0399,2,-5.204943909417903,20.163778831892145,-3.328221439383109,22.884978904935625
sub-0402,2,-0.18887201697054773,7.00400331896505,-7.521894845298859,6.0405021330128985
sub-0403,2,4.118292154703405,8.236902648657818,-16.67415694485422,19.920088978297493
sub-0404,2,-5.484778687939377,5.309659803588602,-18.195405155493333,5.892339240160191
sub-0405,2,2.0974687830760246,5.39482566233636,-0.6394250977060008,5.603722355514779
sub-0406,2,-1.9779932275176415,4.867892976640794,-13.55515280347963,7.165545088251245
sub-0408,2,-2.30710166768783,4.88087245828708,-5.3783121226432815,3.0182026491783063
sub-0409,2,-4.9405778960867925,6.558215274770333,-7.72716067420318,2.9654928650132497
sub-0410,2,-4.992178997650451,5.721698766986654,-20.206226636216947,11.62721860578243
sub-0411,2,-1.4889340753070766,7.718560958054423,-5.971904554900002,5.168959724678314
sub-0412,2,-0.2662318446718539,7.858845526533455,2.8468042103731097,10.377135371017797
sub-0413,2,-0.730728261940316,4.445795142607915,-1.8076949170690282,3.49326677419123
sub-0414,2,4.1894384092739205,7.089125609488806,-17.780984918954214,3.464924864087272
sub-0415,2,-1.2294399481673137,5.160754157540989,-10.964055070462075,12.816488545166546
sub-0416,2,1.4200093780216085,6.8693657925327605,-15.356669265165406,9.405080190786284
sub-0417,2,2.784023006163246,7.551174206260754,-41.359063663691124,8.21333822580692
sub-0419,2,-2.854113374395967,7.091787440365779,-17.318016601821853,5.457549803229549
sub-0420,2,-0.7901428686436498,6.582443407611795,-4.413713766186426,8.366621656605922
sub-0421,2,1.9396943398114899,6.198934176229603,-11.042975849330654,15.019186080255203
sub-0422,2,-0.47349768123316543,4.955329129260518,-34.517293004001765,5.943833768151278
sub-0424,2,-2.17751131760856,8.70712000081403,-6.5105590516708975,7.403027562038101
sub-0425,2,-0.8154888009169776,8.27315515187427,5.826655621468772,6.813731476025212
sub-0426,2,-1.4150472471810296,9.858400919379068,-10.285968213030497,5.17989597682238
sub-0427,2,2.607626694279223,7.049428034031652,-6.394884057045547,6.710147106275173
sub-0428,2,-5.45725156153097,9.985211185617423,-10.283139081295372,11.74766345223691
sub-0429,2,5.430850641008995,9.067311544764149,-20.22262612948181,9.388234605096528
sub-0430,2,6.457430347906094,11.305940347045118,-6.083712408693071,12.051616746919393
sub-0431,2,3.7021284685715,9.295909779897192,-4.765718312615747,12.05999320544099
sub-0432,2,2.8258385930585037,7.817491801975693,-0.04318900359813639,8.476355585637215
sub-0433,2,4.132851452800524,5.227043567331196,-9.473114064255686,6.605917532335332
sub-0434,2,-0.47656380520027714,6.511010975122871,-3.3305223119785214,10.699368505895261
sub-0435,2,6.075806247719192,8.904869997411721,1.4199751364023299,4.277660148856621
sub-0436,2,1.1106548363815314,10.889254475207792,0.047549227684977276,6.662382395830982
sub-0437,2,8.56696063798296,7.315665148883453,20.20073138685454,17.49533161716773
sub-0438,2,-1.3019839638921904,3.8124296592417513,-7.2493329474549855,11.95972313383378
sub-0439,2,0.4409491172214178,5.318073824958097,-6.991683659237542,6.946835657836256
sub-0440,2,0.803315520756599,5.328684929222441,-20.57927043130905,6.611541337703638
sub-0442,2,1.1708206175584197,5.459281068375194,-8.17174160294588,2.699439500981026
sub-0443,2,2.1134147512208523,7.343075952700139,-1.085107289477801,7.920105314582055
sub-0445,2,1.0519402362579509,13.24332744119814,-36.189941468600885,19.49103148250062
sub-0446,2,2.178468346513432,4.63470954402712,-17.84986342831379,6.49699536062358
sub-0447,2,0.9789499705669805,9.284657486783626,-6.7866421354552315,4.1656010463555315
sub-0448,2,4.311781482953083,6.0383117630766225,-6.047598329914091,2.716902931911148
sub-0449,2,-5.118313747028729,8.850102448316097,-40.63607470503995,24.470596901810943
sub-0450,2,-0.7633853647683709,7.4478185485655874,-29.41986904828551,12.202306431301972
sub-0451,2,1.2909877798106226,7.750590124756661,-16.39204072104093,2.9735606077172387
sub-0452,2,-1.1845647260688197,7.586806943108747,-9.60474535868587,2.717725570599507
sub-0453,2,2.707575897084308,6.9568585485249965,-3.639635901732673,5.289777011795109
sub-0454,2,1.0976791482445742,3.0233497593297267,-1.2301028453818068,11.754936493607788
sub-0455,2,0.5421797565070432,4.073374973973929,-7.4048868899548275,8.226312148231353
sub-0457,2,-3.7032531804861124,6.866781454852456,-9.591518280125317,4.3652255775145665
sub-0458,2,2.8907989872808066,7.764450139845348,-10.238219073819831,11.585234787503254
sub-0459,2,0.11348464931901131,7.092517736870788,-23.00543161370537,7.380236863567507
sub-0460,2,38.71034139709944,21.89242807873637,41.82711075532246,16.91557734975143
sub-0461,2,0.6092313162267565,5.548314801695043,-11.332656303619041,9.770112402699912
sub-0462,2,0.7934025574959493,5.235532313651517,-46.530886175928785,12.889552355792869
sub-0463,2,3.904228621180195,5.16971298267778,-10.82740501158722,12.067884782054675
sub-0464,2,2.2075401272940662,8.238861652940711,0.775355178509687,3.8949311820933934
sub-0466,2,-5.0288309972942065,13.053701270363195,-17.272627465264232,6.573208985134842
sub-0467,2,-4.3057806336393885,11.062078625291466,-25.632859019681252,11.402236849706856
sub-0469,2,-1.8333515914752612,6.38867715919598,-13.82809638298955,4.008332855604248
sub-0470,2,2.1596170235519705,9.895902166314345,4.021759865951788,12.36316050167422
sub-0471,2,0.7093572180585334,9.855147333068963,-12.834800815588016,5.523356796817118
sub-0472,2,-2.614463125297177,7.047998710618157,-9.832489758343288,3.535054776558495
sub-0474,2,1.7948188748664957,8.336507962443381,11.153421995341533,3.4491841128248453
sub-0475,2,-0.37453879520288125,6.3129315741238825,-15.095100140018422,3.1797583793490816
sub-0476,2,-1.0288203761608026,10.504688403648114,-13.766659697999067,3.585009410960506
sub-0477,2,0.4282640375587408,6.839819184242451,-8.783103430915194,22.023303861501677
sub-0478,2,0.8610336731667373,8.19544954535759,-11.837829727473666,4.0052014196435675
sub-0479,2,-3.5294467069576756,6.6344536508716,-17.39734673571582,6.305371786849519
sub-0480,2,-2.668789604808604,9.428932284162869,-12.168830771052773,5.258834175328733
sub-0481,2,-0.15458737655736568,4.979793162781309,-4.567489539798571,6.151538416977737
sub-0482,2,-2.7993898046132464,4.389798883026477,-8.303910260220265,12.72916860071685
sub-0483,2,-5.239288735794259,9.345222726416672,-3.0782214167535904,5.22150142672905
sub-0484,2,1.723333578725716,8.778655193580107,-18.985837103675667,8.66139183386894
sub-0485,2,-0.025725272720391733,3.963814455869251,-6.172965603055398,19.3367005542539
sub-0486,2,-0.16523471392977337,2.99926100779324,0.3304490267168935,1.7050037728398548
sub-0487,2,-1.3896792801476734,7.283170332483367,-13.794419977990199,12.218353361149372
sub-0488,2,-2.8384715293287726,4.229537607964765,-11.68993366017293,11.460580906486735
sub-0489,2,-6.077195768618554,7.253193906827062,-11.097202103559628,2.835024107129917
sub-0490,2,-0.004443175075358944,11.216450786368483,-2.200081863598871,6.5090240759785845
sub-0491,2,0.6321142474706287,8.726494562907979,-37.2325561563528,14.357074147933126
sub-0492,2,0.40559489911803903,2.9229138030760233,-13.66914912953193,16.538814946865976
sub-0494,2,1.2455348076596635,5.607501470548701,-10.74682338492937,11.822601866454859
sub-0495,2,3.32908877998753,7.931123239880248,-8.940072825347892,5.93049044452904
sub-0496,2,0.08426472958732453,10.210216574255245,-12.850304560066496,12.109686020696751
sub-0497,2,-3.7821728482879866,3.9305161398253903,-5.010980425896214,4.684116974803291
sub-0498,2,-0.34814520698349244,5.247484795660908,-26.407161537963198,5.372807534227707
sub-0499,2,-3.0663931060404255,6.379616255257781,-8.740951380622498,4.873975374858953
sub-0500,2,-2.1116760447926515,3.404088571159592,1.653086793881681,16.873904892721992
sub-0501,2,1.4184440040232729,11.178355544445916,-7.161082788208846,14.54557260471073
sub-0503,2,7.447000631116451,8.063556217352847,-2.4617423307376667,3.4942041968315842
sub-0504,2,2.344041669389272,5.0833323585112105,1.0907923128093648,11.125122884033702
sub-0505,2,2.4261055861743936,4.395461994590687,-6.144729320862227,8.21057816862163
sub-0507,2,2.733984250331201,2.7782633089204456,-9.379096726831076,6.925213778752639
sub-0508,2,5.040600063512506,8.395592698180458,-8.461002124565049,16.021445872391013
sub-0510,2,0.05885285328212962,5.694442710044751,-11.629850391343913,4.160596426864618
sub-0511,2,-0.29439395657473955,4.779422829024117,-6.336179021306974,10.887093294417733
sub-0512,2,4.510356831213427,6.933727246648938,-22.022390851988458,4.430053882037272
sub-0513,2,2.9717426031577854,6.580743139621011,-20.732493783801466,18.83644717276608
sub-0514,2,-1.759627416392101,5.470884604380983,-13.860263500621055,12.433852473097783
sub-0515,2,-0.4887898338245362,6.111286687431017,-8.849603383646336,4.72619489740138
sub-0516,2,-6.056337700136791,7.663553583324778,-40.12451088767916,3.6418634507380263
sub-0517,2,1.8086943725053257,7.511512480213503,2.473237782618565,8.004678833773927
sub-0519,2,-5.439049361100014,13.920920904953215,-12.672448472721197,5.35079527703975
sub-0520,2,5.099851967807264,5.136012960866987,-9.799165351057828,19.80257145605715
sub-0521,2,-0.1468732808548695,4.7052234295935715,-19.155710141196288,16.083244444351024
sub-0522,2,-1.2813379950867148,4.275980855775146,-11.195654690848794,9.507787615175406
sub-0523,2,1.5654165648910794,5.845703008857268,-1.3202628493969308,7.17045923922819
sub-0524,2,-1.202451668717871,8.748353045752468,1.6957843748145653,6.787151409160693
sub-0526,2,1.6615090852087004,6.935253732444302,10.723302372010629,4.450625392473689
sub-0527,2,-1.157306393048815,7.983553295399666,-0.8827229226050132,7.573583507396728
sub-0528,2,0.8257306595755549,6.072216638519216,-12.32535825123839,5.8507769063314665
sub-0530,2,-4.917242389294833,10.432867450109281,-25.3542409243324,3.643068574304568
sub-0531,2,1.4248695028214116,4.551768040910103,-1.4935834208823269,22.370276563477344
sub-0533,2,-1.2764205708885978,6.26282409668258,-18.688812417694695,11.227921814792627
sub-0534,2,-1.3211971227641834,7.897652971234138,-24.067444510954047,7.114925465739143
sub-0535,2,1.428507948894426,6.463904071126789,1.1675149340678674,12.051553677441234
sub-0537,2,2.766497674716602,5.763403722816964,-2.696668709139717,11.982394829408891
sub-0538,2,3.1348801085346087,12.515493467186188,-25.988641981489934,19.095001874773704
sub-0539,2,-2.1386222337036678,6.7331950919566115,-12.025130473288689,3.501747100039947
sub-0540,2,-4.909503726455548,9.169274342626382,-14.218493645841594,7.020989900232823
sub-0541,2,-5.14194016149006,7.970763642706196,-17.449819857624153,2.855722035987157
sub-0542,2,6.863102822976792,7.858545555398818,3.7851943338567877,4.06200652191436
sub-0543,2,-1.4716651698967311,4.6685003653889785,-3.4593275412267968,7.182429816146916
sub-0544,2,-0.05585732657836485,9.49251123741948,-5.970431870760379,10.957535213003254
sub-0546,2,-9.913765507922111,6.043894472217354,-30.210704410988416,3.2003365286415493
sub-0547,2,0.14092784598175082,5.692982238607552,-6.739631683877483,6.025419254307476
sub-0548,2,-2.472773945171105,3.006576308437884,-6.586480829686587,10.233866957800341
sub-0549,2,-0.9644651879729326,6.230823802099687,-10.136009434526168,9.545284941800812
sub-0550,2,1.6181137911158938,4.448939374649038,-2.8397230426162445,2.5277696018469524
sub-0551,2,-1.095347583908469,5.805796036789627,-8.155083753713686,2.2630693836432547
sub-0552,2,-2.004348056874467,5.365424305651315,-23.06902327793363,5.876099618680759
sub-0553,2,-7.6775578970905745,10.416615345375675,-9.100080988845134,5.25692408558327
sub-0554,2,1.2491408914667659,6.514386009259162,-24.910737635595613,15.484520233156864
sub-0555,2,-11.329998856023154,9.17110073639343,-10.477193640564456,3.2008210369763064
sub-0556,2,1.6444272293882527,8.73609721498127,-14.609499648033383,5.183868316631897
sub-0557,2,3.297863866769434,9.689715014753846,-5.4777702575051475,8.773343251923132
sub-0558,2,-1.4083269363167916,11.621483500569997,-25.913654897223488,10.706771328151618
sub-0560,2,5.47038917974353,5.047825275235066,-34.71316013384175,6.8479873663026725
sub-0561,2,-1.455300063052753,10.150437925280373,-3.2784608337566232,6.121759049926306
sub-0562,2,1.252629522186909,4.722669866194941,-4.945267546951264,11.991910994366243
sub-0563,2,2.290263859092307,7.055596146077005,-15.238328977913008,3.1237598271467264
sub-0564,2,1.398264939141074,5.654159811865847,1.9781259441434922,2.6459140265889616
sub-0565,2,2.192004122106422,8.004943324792679,-3.686674026325417,5.179392849379218
sub-0566,2,-2.003335061171463,6.601588616699925,-32.09978949223813,11.52743595912386
sub-0570,2,2.4316935229415577,5.82032041817149,-30.31891824171281,9.508429981788666
sub-0571,2,3.010078071283627,7.858559163803544,0.2138721452329546,9.324220721323705
sub-0572,2,-1.8107602667399136,6.778431293864015,-0.48631209054584007,4.296510854338719
sub-0574,2,-1.2068683125127484,2.333186402640044,-18.103207854461825,15.5372275217929
sub-0576,2,4.424258933840404,12.157854465255925,-6.790323520947472,6.114631852612648
sub-0577,2,-6.071912819387047,26.757832288488288,-36.014888720931545,9.111355087574497
sub-0578,2,-1.1613149847476871,6.924753081714738,-24.127780888458414,13.992312930695897
sub-0579,2,4.8999256180152955,5.217441894932473,-2.859624589838871,8.050646219385923
sub-0580,2,1.4856938955981953,7.527816536629191,-20.018284526846738,16.99753062906384
sub-0581,2,-1.7616485146805694,6.0760578739672635,-24.737617478739935,24.58278364895758
sub-0582,2,-0.23022642704820243,7.116074806982376,1.7606444074653895,7.022887962462095
sub-0583,2,6.229002423158281,7.9537794723630615,-11.605929220172104,13.15849724569943
sub-0584,2,0.2508801611638175,7.82948650609079,-9.266396263993917,13.487190698586266
sub-0585,2,-1.4056154100187632,7.46123086830161,-23.968162635168717,10.285043041374538
sub-0586,2,-1.071117378589493,4.7022613132898154,-21.75625223026041,4.411233891166793
sub-0587,2,-5.086350520172613,11.356455569935088,-3.108539095862351,9.027681673150834
sub-0588,2,-2.0765320338322217,3.583608773397485,-18.17898374388521,10.804096706730746
sub-0590,2,-3.0198057713277464,6.8487409064457,1.4291665278217276,3.8378174444426953
sub-0591,2,0.18640080767626155,7.1532082149460425,-8.649386296156122,12.04448983563518
sub-0592,2,1.9780767255282403,6.1073473510753296,-13.92846148871341,16.586301855693957
sub-0593,2,4.06318940133619,4.409881766749133,0.9003428571166581,6.779645101718599
sub-0594,2,-0.07569812511820309,11.260888235266343,2.483941679638537,8.741260886425138
sub-0596,2,6.959610758237548,11.308526675241305,27.56691141964462,26.382050314351364
sub-0597,2,5.047637055914489,8.814874901486407,16.368860660502193,5.608276025574205
sub-0598,2,1.235535050110796,4.686058667281768,-9.910068130039207,8.711119607651739
sub-0599,2,0.009106582929627162,2.431860359714581,5.256280577146732,7.124524700687494
sub-0600,2,-0.0008507556026170686,5.580051646275051,1.394022862384919,10.794974380462758
sub-0601,2,1.7398046990501288,5.5321122228264485,3.782304210356355,8.23058203236823
sub-0602,2,-3.261695901587201,7.787482122892412,-5.802219097731533,12.506042904327536
sub-0604,2,1.3860455114535573,7.951268190470654,-1.3497550952759916,4.850618755022326
sub-0605,2,1.2083699582655705,4.743974631697024,-1.025864702558616,2.738760150222322
sub-0606,2,-0.5028213004138894,8.643141616811908,-4.967948231829043,5.7203059759582855
sub-0607,2,-2.0673636675557594,5.283943568265984,-9.374844605110049,13.65442330683783
sub-0608,2,2.264773671110442,3.631675806788842,-21.25081606774312,8.105519781357753
sub-0609,2,0.7709431584137248,6.984937495384441,-17.54737496046515,10.24450427680717
sub-0610,2,0.48748372818821195,9.714121196869012,-5.073900076394548,4.524356701806321
sub-0611,2,6.116686616017006,16.88689278871791,12.075332008286116,11.169522135556429
sub-0612,2,2.822210430396672,5.5690424388265365,-17.876979333662785,11.93278324476785
sub-0613,2,-3.0533048131286233,12.27036743722928,-26.086001993483276,3.8614572312837474
sub-0614,2,6.311844344396012,13.787876989345342,2.813185227163802,7.6467142373669965
sub-0615,2,-0.8227447957677296,11.284904689009267,1.283544423904834,24.45244212226072
sub-0616,2,2.2582557168549755,5.354578564897294,-2.964313898681344,4.113813485832672
sub-0617,2,1.0995563831140942,6.772980213941305,2.221774424161194,6.7344458041690665
sub-0619,2,0.04972347144739712,8.26402178906668,-20.14818388576349,4.3351940789988666
sub-0620,2,1.4912747273843057,6.096165598252836,-1.6774554327903681,9.889220205960235
sub-0621,2,6.912795134413644,8.077495799041243,-13.4765260761439,11.81102430893948
sub-0622,2,0.8926529248348413,6.280758003081135,-21.156466072298425,8.634073882147565
sub-0623,2,-0.9239296449675947,5.976805464203836,-18.984269988139093,15.53992307340102
sub-0624,2,-1.8526612267973215,6.906300178843023,-12.165646583603342,13.55720897272657
sub-0625,2,-4.611423827455709,8.193736061318116,-10.739191691069436,4.4532128148521775
sub-0626,2,-1.5615111167423983,3.0994488422178055,-24.30195121677861,19.40582992235498
sub-0627,2,3.2366428983720805,5.7795751973834815,8.397033170411202,2.3396114289879444
sub-0628,2,-1.9232842841675823,9.253477574178683,-7.857906344418541,10.77584728322316
sub-0629,2,0.016428351211327314,8.16025756981185,-16.79323981720274,10.583115582872551
sub-0630,2,1.79028133542438,15.342653179452267,-12.29485732889739,8.594010536688048
sub-0631,2,-6.689957468192308,8.566625703105077,-6.921864128263811,4.056291626422851
sub-0632,2,-2.034443158518303,27.38856378934673,3.846212560865762,15.167496073838876
sub-0633,2,2.2681487705969388,16.058498180828387,-3.074331554626777,5.565195956673876
sub-0638,2,-9.603768939237252,16.693757578379124,-10.675282191189654,16.68570219841245
sub-0639,2,1.0127596388948863,7.783955024477077,-7.796629630682462,4.942923455150158
