,participant_id,bp_intero_threshold,bp_extero_threshold,bp_intero_slope,sn_intero_threshold,sn_extero_threshold,sn_intero_slope,sn_extero_slope,wu_sensitivity,wu_mu_cardiac_prior,wu_sigma_cardiac_prior,wu_pi_cardiac_belief
0,sub-0019,10.113,0.518,18.443,10.114,0.518,16.972,6.253,0.627,105.117,5.539,0.617
1,sub-0020,-13.755,2.37,11.234,-13.778,2.355,6.593,8.599,0.095,60.119,0.655,8.308
2,sub-0022,-2.449,-1.429,12.813,-2.446,-1.476,9.726,7.286,0.139,65.48,1.069,6.673
3,sub-0023,-9.468,4.774,14.667,-9.489,4.881,10.335,9.034,0.524,56.089,2.482,1.295
4,sub-0024,9.516,10.005,12.331,9.369,8.849,5.209,14.816,0.684,110.805,3.423,1.084
5,sub-0025,-20.966,-5.735,19.076,-21.013,-5.75,14.255,10.945,0.134,51.193,0.839,6.099
6,sub-0026,-4.538,-1.85,7.019,-4.601,-1.792,3.764,5.612,0.731,49.699,3.417,0.674
7,sub-0027,-0.553,3.309,17.936,-0.531,3.336,17.049,4.092,0.842,75.594,16.32,0.079
8,sub-0028,-13.992,-6.196,10.544,-14.108,-6.44,4.46,11.105,0.462,47.488,1.664,1.92
9,sub-0029,-1.93,5.358,16.644,-1.874,5.373,15.272,5.653,0.224,64.263,2.947,2.596
10,sub-0030,7.609,-4.498,13.378,7.654,-4.545,11.345,6.05,0.505,93.592,3.733,1.137
11,sub-0031,-22.815,4.456,10.451,-23.195,3.537,4.612,11.384,0.356,50.081,1.349,2.652
12,sub-0032,-22.852,0.77,10.99,-22.913,0.789,9.379,5.028,0.077,50.741,0.861,8.32
13,sub-0034,-1.103,-2.331,23.044,-1.129,-2.353,22.235,6.341,0.916,74.684,19.665,0.056
14,sub-0035,2.898,2.243,20.37,2.865,2.258,17.375,9.31,0.92,93.896,15.941,0.379
15,sub-0036,39.254,44.191,29.685,45.131,47.11,28.946,28.542,0.103,141.769,14.86,0.006
16,sub-0037,-3.902,-0.001,16.037,-3.801,-0.028,15.445,4.532,0.194,62.131,3.03,1.905
17,sub-0038,-19.288,4.417,9.258,-19.187,4.564,4.755,7.736,0.16,59.146,0.789,5.74
18,sub-0039,-1.081,-2.618,9.262,-1.089,-2.634,5.364,6.94,0.977,78.738,16.946,0.557
19,sub-0040,-34.719,-4.808,15.362,-34.7,-4.811,11.618,8.716,0.146,41.057,0.9,5.407
20,sub-0041,-1.19,6.111,22.949,-1.229,6.073,20.251,10.948,0.967,79.088,18.498,0.32
21,sub-0042,-20.406,-0.973,8.349,-20.372,-1.024,5.136,6.052,0.242,50.99,1.01,3.526
22,sub-0043,-16.089,4.342,11.681,-16.043,4.269,10.618,4.164,0.626,45.473,4.978,0.143
23,sub-0046,0.004,-2.513,14.537,-0.172,-3.132,6.882,20.079,0.982,84.789,16.406,0.601
24,sub-0047,7.229,2.607,16.53,7.134,2.61,13.903,7.428,0.787,100.203,9.596,0.36
25,sub-0048,-0.757,4.278,10.414,-0.72,4.198,8.423,5.245,0.657,72.453,9.176,1.11
26,sub-0049,-6.836,2.499,13.205,-6.889,2.559,9.667,7.67,0.359,53.021,2.109,2.742
27,sub-0050,-12.789,7.14,19.937,-12.899,7.233,17.123,9.338,0.339,60.345,2.687,2.803
28,sub-0051,-14.222,2.422,11.039,-14.181,2.436,9.059,5.394,0.227,52.38,1.33,3.126
29,sub-0052,19.489,2.292,14.171,19.56,2.258,13.016,4.598,0.199,85.458,1.514,3.915
30,sub-0054,-18.962,3.331,7.065,-19.075,3.371,5.053,4.009,0.305,40.043,1.115,2.026
31,sub-0055,-22.516,-1.202,17.839,-22.489,-1.211,16.527,5.934,0.336,44.156,4.257,0.177
32,sub-0056,-11.084,1.321,7.086,-10.794,1.059,3.092,7.117,0.228,63.847,0.884,5.104
33,sub-0057,-20.663,-0.333,13.976,-20.569,-0.325,10.476,7.823,0.132,57.802,0.849,6.371
34,sub-0058,-11.717,-0.63,11.238,-11.75,-0.604,7.297,7.447,0.36,52.238,1.536,2.46
35,sub-0059,-7.39,3.372,6.988,-7.304,3.374,6.277,2.182,0.772,46.265,4.174,0.283
36,sub-0060,-40.265,3.766,18.767,-40.425,3.752,18.83,3.017,0.169,28.815,3.947,0.086
37,sub-0061,-4.225,-5.698,25.685,-4.122,-5.715,25.457,4.546,0.364,58.769,8.588,0.042
38,sub-0062,-20.298,2.623,14.084,-20.282,2.617,13.819,1.672,0.328,53.696,2.544,0.453
39,sub-0063,-7.985,0.968,16.342,-9.366,0.621,11.791,18.85,0.275,52.503,1.693,4.486
40,sub-0064,-0.38,-0.338,7.321,-0.347,-0.282,4.548,5.284,0.973,80.223,16.439,0.556
41,sub-0065,-30.467,-0.963,17.547,-30.432,-1.015,15.37,7.273,0.227,48.598,2.222,3.002
42,sub-0066,-16.451,0.481,8.523,-16.489,0.557,7.016,4.315,0.501,37.243,3.015,0.485
43,sub-0067,-35.042,-12.656,22.51,-37.261,-9.285,14.72,28.461,0.152,48.952,1.126,5.861
44,sub-0068,-3.063,6.297,10.293,-2.96,6.283,8.771,4.306,0.959,64.387,15.668,0.371
45,sub-0069,-21.641,2.082,14.935,-21.553,2.056,11.716,7.889,0.196,58.196,1.273,4.024
46,sub-0070,10.52,3.532,10.833,10.482,3.368,6.072,8.504,0.119,81.609,0.758,7.148
47,sub-0071,-3.622,-0.427,10.07,-3.628,-0.447,6.449,6.954,0.866,58.102,10.589,0.567
48,sub-0072,-10.422,2.062,7.784,-10.39,2.017,4.583,5.824,0.188,61.297,0.843,5.037
49,sub-0073,1.483,-1.53,17.804,1.582,-1.588,16.697,4.837,0.736,89.395,8.058,0.24
50,sub-0074,0.499,0.254,16.257,0.381,0.246,15.415,3.153,0.95,84.253,19.971,0.085
51,sub-0075,5.451,1.936,12.244,5.624,1.887,10.783,4.027,0.409,83.957,1.565,1.101
52,sub-0076,-11.803,3.032,15.539,-11.522,2.977,11.855,7.495,0.277,46.222,1.268,3.228
53,sub-0077,-20.543,1.124,25.32,-20.71,1.123,25.158,4.977,0.312,45.562,6.997,0.04
54,sub-0078,-5.038,4.74,12.361,-5.081,4.777,7.621,8.742,0.94,61.572,12.953,0.466
55,sub-0079,-29.206,0.877,8.658,-29.132,0.816,4.259,7.554,0.108,42.252,0.669,7.495
56,sub-0080,-10.905,0.578,13.384,-10.781,0.458,9.68,7.824,0.436,53.709,2.448,1.75
57,sub-0081,-11.127,-3.069,7.359,-11.303,-3.194,3.778,6.369,0.469,42.629,1.635,1.616
58,sub-0082,-2.658,5.161,17.245,-2.602,5.142,13.758,8.692,0.886,71.643,14.168,0.446
59,sub-0083,-23.399,3.702,11.523,-23.465,3.757,7.527,8.095,0.122,52.02,0.668,6.654
60,sub-0084,-5.871,0.03,13.513,-5.77,0.067,10.769,7.065,0.673,54.791,6.387,0.611
61,sub-0085,-7.978,4.116,20.727,-8.071,4.122,20.38,4.247,0.574,41.377,8.789,0.063
62,sub-0086,-13.261,4.127,5.375,-13.37,3.964,3.13,4.325,0.695,53.692,1.843,0.708
63,sub-0087,-4.711,4.986,15.744,-4.704,4.998,14.325,4.417,0.88,55.955,11.706,0.201
64,sub-0088,1.182,0.399,13.353,1.227,0.463,12.709,3.027,0.83,85.364,13.571,0.23
65,sub-0090,-7.724,-2.085,18.328,-7.76,-2.059,18.039,2.348,0.629,50.325,7.769,0.073
66,sub-0091,-14.711,5.105,13.988,-14.618,5.115,13.678,2.478,0.249,48.595,3.266,0.436
67,sub-0092,7.935,-1.933,17.001,7.84,-2.007,15.028,7.027,0.804,121.016,9.762,0.17
68,sub-0093,-36.511,-1.526,22.244,-36.51,-1.552,22.184,3.411,0.055,45.123,0.766,9.353
69,sub-0094,-26.945,-9.771,7.159,-26.888,-9.846,3.854,5.714,0.171,28.278,0.984,3.922
70,sub-0095,-4.969,3.197,12.055,-4.826,3.21,10.293,5.276,0.688,42.789,7.356,0.543
71,sub-0096,-17.977,3.513,11.447,-18.071,3.541,9.553,5.406,0.131,44.793,1.011,5.642
72,sub-0097,-12.16,4.094,14.489,-12.072,3.869,7.688,16.03,0.131,61.169,0.799,6.498
73,sub-0098,-10.194,5.059,17.784,-10.252,5.195,15.078,8.292,0.59,53.925,4.999,0.734
74,sub-0099,-17.388,2.827,19.124,-17.394,2.748,18.795,3.113,0.498,47.964,6.041,0.064
75,sub-0100,-1.046,-5.08,10.7,-1.126,-5.157,8.568,4.884,0.989,76.053,17.389,0.523
76,sub-0101,16.487,16.443,12.675,16.547,16.287,10.641,5.755,0.469,128.251,3.54,0.532
77,sub-0102,-11.973,-1.238,20.43,-11.891,-1.25,17.661,8.767,0.151,45.925,1.11,6.42
78,sub-0103,-0.904,2.94,17.443,-0.968,2.903,14.824,7.473,0.921,73.054,14.648,0.401
79,sub-0104,-11.598,-5.14,9.946,-11.571,-5.157,7.349,5.838,0.28,41.651,1.486,3.131
80,sub-0105,-0.147,4.692,8.98,-0.118,4.792,8.238,3.133,0.845,76.71,13.944,0.343
81,sub-0106,-17.374,1.496,8.764,-17.366,1.557,7.611,3.614,0.273,49.6,1.581,2.83
82,sub-0107,-2.669,-0.285,9.482,-2.778,-0.267,5.078,7.94,0.72,68.22,8.737,1.324
83,sub-0108,4.977,0.934,7.575,5.034,1.012,5.978,4.027,0.592,92.475,3.702,1.639
84,sub-0109,-0.129,5.988,11.897,-0.2,5.969,9.087,5.91,0.933,79.887,15.831,0.645
85,sub-0110,3.949,5.979,11.82,3.947,5.999,6.44,9.47,0.911,98.972,11.821,0.639
86,sub-0111,-8.62,-4.385,8.896,-8.835,-4.501,3.683,9.094,0.21,56.132,0.876,5.592
87,sub-0112,-6.723,4.06,21.312,-6.711,4.104,20.837,5.066,0.578,62.826,7.931,0.15
88,sub-0113,10.299,4.861,8.533,10.259,4.921,4.977,6.444,0.282,89.409,1.319,3.979
89,sub-0114,2.088,6.144,14.897,2.13,6.188,12.615,7.197,0.955,96.425,16.814,0.284
90,sub-0115,0.355,-1.194,9.148,0.298,-1.157,4.86,7.399,0.978,83.763,16.452,0.583
91,sub-0116,-1.612,-1.255,25.704,-1.59,-1.268,25.504,3.742,0.779,62.325,17.183,0.035
92,sub-0117,-4.836,3.757,24.574,-4.589,3.747,24.713,2.829,0.782,83.256,17.047,0.034
93,sub-0118,-32.664,-1.475,13.33,-32.678,-1.624,11.72,5.32,0.086,49.126,0.878,7.838
94,sub-0119,-1.108,1.115,23.713,-1.105,1.107,23.175,5.75,0.167,71.11,3.297,1.51
95,sub-0120,-13.967,0.146,9.833,-14.122,0.289,7.235,5.66,0.502,52.931,2.282,0.762
96,sub-0122,0.251,1.215,18.707,0.145,1.191,17.562,4.295,0.769,73.583,13.484,0.405
97,sub-0123,-44.131,3.706,21.339,-44.062,3.642,20.369,5.723,0.137,30.658,2.728,2.402
98,sub-0124,-14.996,0.366,8.725,-15.048,0.384,7.588,3.686,0.488,53.553,3.187,0.713
99,sub-0126,-10.872,1.31,11.218,-10.864,1.267,10.051,4.391,0.198,79.152,1.788,3.968
100,sub-0127,-8.336,2.548,12.83,-8.416,2.516,11.48,4.59,0.25,53.561,2.238,2.866
101,sub-0128,-21.886,12.233,8.714,-22.14,12.22,3.766,8.389,0.31,60.236,1.14,3.789
102,sub-0129,2.178,-0.815,12.934,1.879,-0.729,9.917,11.327,0.858,89.714,12.087,1.052
103,sub-0130,-23.677,-0.589,7.382,-23.659,-0.639,5.46,4.239,0.165,47.423,0.825,4.825
104,sub-0131,-4.155,-0.564,23.462,-4.015,-0.543,23.113,4.652,0.839,72.11,17.749,0.039
105,sub-0132,-20.532,-2.417,26.866,-20.6,-2.439,26.524,6.739,0.402,46.957,10.142,0.023
106,sub-0133,12.17,5.003,13.265,12.132,5.017,12.607,2.54,0.168,75.788,2.223,1.097
107,sub-0134,-0.186,-2.24,7.107,-0.288,-2.351,3.901,5.788,0.985,82.339,16.509,0.603
108,sub-0135,-16.097,0.297,19.854,-16.024,0.443,15.948,10.798,0.179,59.387,1.236,4.921
109,sub-0136,-10.075,1.416,9.762,-10.053,1.403,8.908,3.604,0.657,44.871,4.306,0.233
110,sub-0137,-9.185,4.445,11.89,-9.192,4.438,7.255,8.602,0.785,40.202,4.602,0.37
111,sub-0138,-12.317,-0.326,10.353,-12.324,-0.28,7.494,6.135,0.553,44.836,2.839,1.002
112,sub-0139,-34.09,-6.277,10.804,-33.974,-6.149,6.533,7.5,0.199,31.292,1.244,3.254
113,sub-0140,7.767,5.553,12.622,7.755,5.608,8.131,8.866,0.579,98.417,3.245,1.419
114,sub-0142,-4.028,1.34,12.879,-4.024,1.332,12.264,3.628,0.716,55.915,10.05,0.127
115,sub-0143,-6.511,2.215,16.182,-6.627,2.192,15.759,3.775,0.82,43.875,9.535,0.102
116,sub-0144,-2.586,1.397,12.907,-2.537,1.369,11.964,3.918,0.945,66.455,17.408,0.148
117,sub-0145,-1.331,1.222,9.734,-1.268,1.177,5.798,7.05,0.898,75.576,14.296,0.881
118,sub-0146,-2.128,3.015,21.586,-2.136,3.017,20.731,5.577,0.101,85.74,1.341,6.217
119,sub-0147,-9.412,-0.322,22.393,-9.484,-0.341,20.253,9.018,0.711,48.589,9.328,0.173
120,sub-0148,-12.061,-1.09,13.535,-12.004,-1.063,9.991,7.83,0.629,38.443,3.022,0.625
121,sub-0149,9.618,5.686,24.463,9.627,5.696,23.515,7.489,0.201,94.71,4.134,1.356
122,sub-0150,5.651,2.596,23.023,5.72,2.783,22.077,5.356,0.197,64.869,3.555,2.448
123,sub-0151,12.006,-0.864,9.928,12.163,-0.816,7.15,5.956,0.349,114.699,1.797,2.381
124,sub-0153,-20.84,2.609,4.922,-20.854,2.674,3.323,3.18,0.455,38.624,1.571,0.94
125,sub-0154,-21.637,-2.695,13.448,-21.525,-2.791,10.119,7.744,0.112,58.94,0.95,7.63
126,sub-0155,-11.11,-3.51,10.408,-11.134,-3.42,5.698,8.278,0.639,37.687,2.379,0.579
127,sub-0156,0.965,5.645,18.856,0.927,5.504,16.013,8.606,0.743,81.325,11.173,1.232
128,sub-0157,4.725,3.803,9.55,4.779,3.738,5.24,7.575,0.906,107.305,8.177,0.523
129,sub-0158,-9.647,-0.577,14.258,-9.724,-0.559,11.698,6.958,0.336,49.507,2.507,2.363
130,sub-0159,-6.156,-0.336,9.086,-6.128,-0.294,6.124,5.98,0.275,59.746,1.424,3.702
131,sub-0160,-18.61,1.991,10.219,-18.625,1.994,8.535,4.828,0.348,42.494,2.445,1.636
132,sub-0161,-20.919,0.944,21.363,-20.807,0.997,21.244,3.213,0.546,40.466,7.553,0.048
133,sub-0162,1.336,1.413,8.721,1.338,1.498,4.958,6.733,0.367,74.155,4.226,4.54
134,sub-0163,-8.116,4.312,20.275,-8.132,4.264,18.583,7.39,0.243,50.237,2.037,2.631
135,sub-0164,-4.448,1.398,12.079,-4.531,1.47,11.716,2.655,0.513,62.174,5.452,0.413
136,sub-0165,-3.692,6.871,20.435,-3.724,6.907,19.824,4.227,0.137,73.465,1.88,2.781
137,sub-0166,-1.908,10.34,23.507,-1.82,9.822,17.591,17.12,0.948,78.211,15.989,0.619
138,sub-0168,-3.477,1.393,18.395,-3.552,1.463,16.256,7.464,0.267,60.888,2.561,4.35
139,sub-0169,12.152,-1.718,3.714,12.692,-1.446,2.332,3.564,0.5,86.336,1.24,1.612
140,sub-0170,11.223,-2.403,23.893,11.367,-2.365,23.956,2.763,0.694,130.483,12.436,0.051
141,sub-0171,9.65,0.418,17.899,9.705,0.536,16.624,5.678,0.593,100.909,6.727,0.175
142,sub-0172,15.119,2.426,15.876,15.198,2.492,15.41,2.394,0.388,98.108,4.234,0.105
143,sub-0173,-6.19,-4.027,12.185,-6.218,-4.013,11.499,3.638,0.621,49.5,6.551,0.165
144,sub-0174,-22.069,-0.954,10.026,-22.084,-0.917,9.511,2.39,0.245,45.079,2.3,1.265
145,sub-0175,-16.145,1.766,6.349,-16.125,1.734,3.04,5.667,0.284,46.88,0.964,3.586
146,sub-0176,-10.346,7.4,25.725,-10.407,7.425,25.615,3.691,0.694,49.885,14.501,0.027
147,sub-0177,-1.609,-0.822,28.21,-1.606,-0.834,28.21,3.153,0.745,78.009,19.906,0.017
148,sub-0179,-29.203,-2.13,24.309,-29.522,-2.119,22.028,11.05,0.094,54.762,0.925,7.777
149,sub-0180,-4.274,-0.94,11.611,-4.335,-0.891,9.104,6.181,0.338,50.72,2.519,3.404
150,sub-0181,-18.33,5.524,20.547,-18.437,5.634,19.153,6.93,0.117,56.877,0.927,6.8
151,sub-0182,2.189,4.352,12.027,2.175,4.373,10.38,5.239,0.154,79.267,1.179,5.307
152,sub-0183,-11.651,6.258,19.237,-11.661,6.535,15.894,9.406,0.329,57.895,2.451,2.869
153,sub-0184,11.455,1.298,12.845,11.436,1.341,12.359,3.317,0.508,89.571,5.108,0.299
154,sub-0185,-15.759,5.089,17.946,-15.691,5.162,15.199,7.281,0.177,63.504,1.381,4.752
155,sub-0186,-3.441,8.84,22.401,-3.647,9.543,14.108,21.884,0.902,78.26,14.069,0.794
156,sub-0187,-3.688,-0.289,10.872,-3.678,-0.318,10.134,3.438,0.912,50.929,14.455,0.124
157,sub-0188,-15.877,-3.362,20.614,-15.958,-3.426,16.586,10.99,0.521,36.745,6.4,0.712
158,sub-0189,-10.269,2.131,7.735,-10.647,2.102,3.841,7.465,0.337,54.838,1.255,3.534
159,sub-0190,-9.516,0.055,14.657,-9.53,-0.035,14.268,3.834,0.443,49.588,4.748,0.132
160,sub-0192,-23.214,5.184,19.134,-23.307,5.191,18.49,5.668,0.211,54.85,2.652,1.514
161,sub-0193,-4.429,-8.354,5.75,-3.38,-8.538,3.066,11.59,0.772,69.589,10.256,1.671
162,sub-0194,32.394,4.458,28.52,32.875,4.0,25.204,26.145,0.444,114.429,19.507,0.007
163,sub-0197,-6.083,-2.577,20.716,-6.22,-2.524,19.997,4.923,0.423,57.266,4.588,0.505
164,sub-0198,-9.669,-2.45,13.106,-9.668,-2.16,8.456,9.212,0.262,47.69,1.234,2.978
165,sub-0199,-19.877,-0.834,7.274,-19.828,-0.792,4.361,5.269,0.324,36.455,1.341,2.29
166,sub-0200,-18.73,-0.144,21.292,-18.569,-0.139,20.028,7.518,0.096,59.425,1.038,7.235
167,sub-0202,11.548,2.783,12.701,11.533,2.782,11.875,3.781,0.672,122.146,5.779,0.116
168,sub-0203,-14.969,-0.528,17.299,-14.782,-0.507,9.388,18.038,0.357,57.392,1.633,2.983
169,sub-0204,10.904,3.512,21.29,10.826,3.481,18.611,9.297,0.296,87.356,2.81,3.336
170,sub-0205,-15.884,3.284,18.319,-15.844,3.322,16.25,7.587,0.492,45.963,4.55,0.487
171,sub-0206,-5.557,-4.11,22.905,-5.492,-4.181,22.392,4.485,0.5,59.892,8.782,0.841
172,sub-0207,-17.368,-0.525,13.899,-17.539,-0.597,12.599,4.365,0.405,48.851,3.361,0.534
173,sub-0208,-15.314,0.874,7.029,-15.307,0.856,4.453,4.882,0.507,48.643,1.533,0.954
174,sub-0209,-3.974,0.312,14.635,-4.069,0.299,11.132,8.084,0.191,63.91,1.307,5.456
175,sub-0210,-16.286,2.608,14.003,-16.294,2.565,11.838,6.542,0.582,43.737,4.037,0.352
176,sub-0211,-11.579,2.659,18.52,-11.61,2.661,16.491,6.485,0.485,53.787,3.915,0.558
177,sub-0212,-2.862,-4.58,9.198,-2.858,-4.613,4.627,7.702,0.97,70.011,15.126,0.564
178,sub-0213,-1.697,0.006,14.047,-1.63,0.01,12.703,5.315,0.744,69.521,11.612,0.321
179,sub-0216,-33.912,2.679,11.825,-33.783,2.749,7.678,7.724,0.123,36.331,0.924,6.125
180,sub-0217,-20.576,-6.814,20.987,-20.524,-6.789,19.507,7.377,0.168,44.328,1.737,3.499
181,sub-0218,-13.175,-3.476,10.861,-13.343,-3.443,9.037,4.999,0.358,46.005,2.383,1.211
182,sub-0219,-20.457,-1.427,10.366,-20.557,-1.504,5.77,8.476,0.455,42.407,1.837,1.16
183,sub-0220,-24.206,8.384,9.424,-24.188,8.387,5.472,7.15,0.344,38.101,1.558,1.887
184,sub-0221,8.888,5.614,25.029,8.908,5.571,24.825,3.751,0.663,109.247,12.187,0.037
185,sub-0222,-8.813,0.401,19.365,-8.951,0.395,19.296,2.95,0.373,58.783,5.025,0.136
186,sub-0223,-4.441,-4.264,23.297,-4.423,-4.276,21.876,8.302,0.316,50.914,5.132,2.944
187,sub-0224,8.095,1.553,13.147,8.136,1.504,12.628,2.669,0.124,76.699,1.842,3.05
188,sub-0225,-15.165,1.17,10.949,-15.093,1.234,9.034,5.367,0.185,42.818,1.42,4.518
189,sub-0226,2.875,0.086,21.189,3.001,0.115,20.643,2.604,0.349,73.164,5.34,0.087
190,sub-0227,10.749,5.136,11.936,10.717,5.123,6.239,9.799,0.741,117.162,3.492,0.666
191,sub-0228,0.557,-1.266,17.187,0.525,-1.262,10.3,14.061,0.753,75.266,11.716,2.039
192,sub-0229,-14.484,4.324,17.373,-14.454,4.281,15.909,5.676,0.263,55.618,2.29,1.967
193,sub-0230,-13.247,2.629,11.299,-13.19,2.613,8.637,6.44,0.154,56.59,1.029,5.943
194,sub-0231,16.398,3.391,7.731,16.392,3.422,5.717,4.675,0.259,82.85,1.302,4.104
195,sub-0232,-0.077,1.701,9.596,-0.006,1.7,8.72,3.27,0.91,81.188,16.322,0.194
196,sub-0233,-4.048,2.009,23.168,-4.046,1.935,22.452,6.628,0.376,65.681,6.749,1.28
197,sub-0234,7.952,-3.21,25.089,7.938,-3.144,24.772,4.661,0.811,119.032,16.776,0.033
198,sub-0235,-12.657,3.07,20.587,-12.687,3.139,18.66,7.229,0.354,39.773,3.342,1.754
199,sub-0236,-18.847,0.041,11.776,-18.787,0.007,10.002,5.424,0.224,37.899,1.476,3.115
200,sub-0237,-12.953,0.859,13.907,-13.004,0.81,12.916,4.057,0.613,38.657,5.764,0.088
201,sub-0238,7.617,0.617,11.851,7.635,0.668,11.288,3.235,0.8,117.132,8.295,0.102
202,sub-0239,-7.147,1.136,27.318,-7.23,1.044,27.196,4.891,0.666,62.072,16.97,0.02
203,sub-0240,-18.963,-0.603,8.42,-19.043,-0.754,4.431,7.251,0.264,40.791,1.14,3.639
204,sub-0241,-10.189,4.633,10.198,-10.242,4.632,9.928,2.275,0.437,53.979,3.002,0.239
205,sub-0243,-12.255,6.18,8.432,-12.188,6.15,5.294,5.789,0.239,81.284,1.174,4.48
206,sub-0244,-5.339,-0.267,19.606,-5.366,-0.297,17.879,7.386,0.276,70.128,3.453,2.26
207,sub-0245,-24.448,2.293,15.045,-24.494,2.257,10.88,9.038,0.106,49.446,0.755,7.344
208,sub-0246,-9.467,2.972,11.459,-9.427,2.909,7.784,7.523,0.257,75.187,1.281,3.237
209,sub-0247,-8.309,-0.393,10.896,-8.297,-0.435,9.744,4.11,0.103,64.194,0.974,7.116
210,sub-0248,5.782,7.984,11.606,5.767,8.095,9.467,5.797,0.765,106.185,7.131,0.473
211,sub-0250,-4.773,-2.147,18.068,-4.737,-2.1,17.179,4.921,0.235,60.288,4.421,0.477
212,sub-0251,-0.016,0.315,18.269,0.001,0.188,14.609,9.294,0.962,83.664,17.113,0.382
213,sub-0252,6.499,-0.468,10.824,6.505,-0.523,7.649,6.729,0.141,90.654,0.955,6.94
214,sub-0253,2.772,-1.167,14.993,2.777,-1.194,14.272,3.618,0.846,91.838,14.324,0.097
215,sub-0254,0.791,2.14,14.021,0.704,2.045,11.166,6.815,0.633,71.844,9.61,1.69
216,sub-0255,-14.938,3.602,21.779,-14.936,3.6,20.862,5.676,0.306,61.468,4.498,0.484
217,sub-0256,-21.662,4.685,13.721,-21.779,4.597,9.798,8.502,0.466,35.24,2.513,0.804
