participant_id,session,sensitivity,pi_cardiac_belief,sigma_cardiac_prior,mu_cardiac_prior
sub-0019,1,0.6012235650660195,0.4443358293263397,10.16807175337907,103.51788927999817
sub-0019,2,0.8149506133534187,0.2863034192617532,7.852421465242648,116.56321196249446
sub-0020,1,0.09365034690265163,7.346534813395045,0.9396128312922302,60.131836532234175
sub-0022,1,0.1718212979272888,5.1904075776168135,1.7100714280460154,64.29511706434774
sub-0022,2,0.1862118511811775,2.757941319514592,3.437078241735566,46.48218509406103
sub-0023,1,0.5525949575390314,1.1813391900085985,4.071020837116643,54.65199385120842
sub-0023,2,0.18687287715086745,4.473992402595426,1.7000107575885317,62.61637900553019
sub-0024,1,0.7103341475673812,0.7125392047767669,5.411637851310611,112.44538373108196
sub-0024,2,0.15915397093920697,1.8124669059082679,12.593592136757758,84.26928163611507
sub-0025,1,0.12672945581166334,5.301449732892064,1.2872530023680666,51.33294754148372
sub-0025,2,0.13850705989650586,5.821844578307312,1.1023204513402802,50.06989108205493
sub-0026,1,0.7614555505420281,0.4347184436571077,5.331026954350731,47.25052138060682
sub-0026,2,0.14517289263182467,5.425676369145853,3.661193003617956,63.131005059567
sub-0027,1,0.490833346869819,0.02408629022891199,18.051003359645257,72.53307527600798
sub-0027,2,0.5027796523797474,0.06361687210902829,16.479414321279503,63.77964346882592
sub-0028,1,0.47429081982382376,1.817098803533223,2.556159938815109,47.265149096398076
sub-0028,2,0.22894039415869377,4.1235890514041165,2.622888904104696,66.00548642148776
sub-0029,1,0.1734124507808086,4.639788857959491,2.631491615575054,64.69268426586551
sub-0030,1,0.46235255976600464,1.5697619511160592,5.521651912228288,90.08986059956634
sub-0031,1,0.35859370847949923,2.318329847920153,2.272332852546106,50.40410087706841
sub-0031,2,0.45120293626316405,1.0438626761055616,5.411741852826545,59.48662604021487
sub-0032,1,0.07330779153208472,7.468502704568916,1.3685056631221533,51.050213919344074
sub-0032,2,0.880218095031848,0.42774500058911075,14.253716797446298,86.72759776672846
sub-0034,1,0.6644532309198246,0.14938500603998323,22.038192637218547,67.38690446123952
sub-0034,2,0.5308320976404711,0.28636521360031975,13.414316336634121,37.831138905012224
sub-0035,1,0.9096975766493054,0.43709884007079974,15.419557496100767,91.07833576638222
sub-0035,2,0.49756625312357305,1.1541849202459056,3.011679046832175,36.91933805470871
sub-0036,1,0.08484867543729828,0.001331792798879837,28.863828012543824,112.30304320469328
sub-0037,1,0.18393031224345163,1.7970262389398293,8.202781274324629,61.99888483592743
sub-0037,2,0.17221095415952084,4.332956407102818,2.0811509616304247,59.13946024187436
sub-0038,1,0.14180145899630184,6.038043291465734,0.989435514538267,60.31787876457097
sub-0038,2,0.25935120023474795,3.3558892569446748,1.9745926150559836,53.883245474400944
sub-0039,1,0.9777766296436988,0.5161372667048658,16.663387849341053,76.0432595540409
sub-0039,2,0.8615317137187894,0.3303967322907581,12.547614318809853,54.547328341835495
sub-0040,1,0.11037874666221831,5.219325721733832,1.1687591374173625,42.72452224945832
sub-0041,1,0.7599952350067549,0.4513946023725203,7.588385975664843,50.22883866030659
sub-0042,1,0.15238798898796438,4.440670634072317,1.2440452069295238,55.13493591372254
sub-0042,2,0.28913454862059246,3.0333049509745917,1.8470261260895995,50.6824579553473
sub-0043,1,0.6223158438747266,0.23866366718490883,9.634681512454467,46.137369751045235
sub-0044,2,0.5162275801669273,0.06919554096025331,16.810689320500533,43.29188940747307
sub-0045,2,0.7860983366842248,0.17407683618943134,10.711461687110075,111.02782649387947
sub-0046,1,0.9792090621340065,0.5583073068542028,16.378831916597708,84.8271618590502
sub-0046,2,0.16755341841411578,5.441399858928062,1.2481163120799479,66.11970497627668
sub-0047,1,0.6802342477041987,0.6073194484994193,12.444424778354435,91.17020807707738
sub-0047,2,0.22828979012064973,0.0021013103899604106,25.896110546213745,33.80754685368883
sub-0048,1,0.6456520376394048,1.6626040972419305,8.72509336778835,71.52347649228719
sub-0049,1,0.3297703279818991,2.3913806611945394,3.234595257865603,54.125321858135315
sub-0049,2,0.3486136842436214,2.4796688180132485,1.895694728417942,44.34066728272343
sub-0050,1,0.3406506921873156,3.1871043645690826,2.8698944748543647,59.057261229479835
sub-0050,2,0.3256298270697051,2.2492625327526983,1.8547809056904518,54.77324899224806
sub-0051,1,0.27690758694552314,2.009175817127598,2.862587049026668,49.4644847684007
sub-0052,1,0.08891286056525236,6.226425230875739,1.3181522162302841,79.74017243306248
sub-0052,2,0.8800289113162345,0.3890332513683394,6.576764127616567,107.91024115794082
sub-0054,1,0.18786974175481985,4.282507968275924,1.1969041476899143,44.154324939086756
sub-0055,1,0.3194893916876331,0.231082509305501,14.196834075854166,43.55043782819458
sub-0056,1,0.2166155708596393,4.699961794088229,1.1547667632134477,64.66179421076636
sub-0056,2,0.4935648158086358,1.2285860651306355,3.258678554177661,50.54059846832514
sub-0057,1,0.12544169012384734,4.8222502791178625,1.494769104759267,58.232106925599275
sub-0057,2,0.21495708726507395,3.941438809408294,1.4725294534644564,65.00054484361264
sub-0058,1,0.45703188137882134,1.2402622982483766,3.611012155177609,46.40188562616267
sub-0058,2,0.40323534356108703,0.17253237429882548,12.055292905612301,43.618676570095865
sub-0059,1,0.7653621665936924,0.3489212274682452,5.078358315331772,46.447149616106664
sub-0059,2,0.5504264059025775,0.9526171506431133,7.578729287004124,57.15273521423464
sub-0060,1,0.15627575278209965,0.15730054489465306,12.741607298171141,29.083405976862842
sub-0060,2,0.4236728402108846,0.8261772902154164,6.932980591780468,51.8471903765723
sub-0061,1,0.17993721379271108,0.33962501198871764,18.323981851936257,51.74606194235158
sub-0061,2,0.5885858591178011,0.6195810778033853,3.8105643191022436,37.81941756206512
sub-0062,1,0.3164725314956565,0.8060587519198075,3.314613465138121,54.45324192422195
sub-0063,1,0.3015122706375768,4.307170147683316,2.3542137952817295,51.36572010388503
sub-0063,2,0.66632784124832,0.011918138467274663,21.67105116112347,35.737609460488265
sub-0064,1,0.9825639650807648,0.5149516381307487,17.10312216153524,79.26666619382087
sub-0064,2,0.9590723792238618,0.4976528819582203,13.326839571689915,61.34139753477849
sub-0065,1,0.16827600641789656,4.682395835603789,4.123172978976705,51.052965786948114
sub-0065,2,0.32713348619246313,2.3223574356877297,2.370097656010664,43.69113803990902
sub-0066,1,0.5047472221845866,0.2590204007211479,7.796051638942806,37.015980005683296
sub-0066,2,0.1926303154212831,2.5803261145534107,4.266849632959771,55.04155334743824
sub-0067,1,0.1480683336455274,5.443877649760629,1.3004842284591096,48.04978228361666
sub-0067,2,0.6355458759340155,0.7658911772017536,15.456383246556127,76.69523304658162
sub-0068,1,0.9544458992927947,0.4850450800549991,14.963932103755171,66.58275199391312
sub-0068,2,0.8853121440041932,0.4954256741142971,15.025856545891898,77.74523899872054
sub-0069,1,0.1946998775591834,3.5658667571731266,2.5613625888229965,58.67430919875878
sub-0070,1,0.11128975968373672,7.166187315558856,0.9652526604865809,81.18640327703545
sub-0070,2,0.9592290538961977,0.4903049550843214,14.534771222825974,99.41750630353485
sub-0071,1,0.8411647842740527,0.45659871377830014,10.936362381765926,54.94836931322829
sub-0071,2,0.8509829733337144,0.1944811026372019,14.361750562899942,48.88844624546888
sub-0072,1,0.20702133528158903,4.11340496227978,1.144048462332363,60.977104090001816
sub-0072,2,0.3266585459251861,2.303818084220354,2.242107211554543,42.506226938876274
sub-0073,1,0.7075671272295524,0.17450232285204384,10.86607410859897,90.2433788928224
sub-0073,2,0.3002810653620312,3.8898972337020776,1.4575743926021532,49.90931187133389
sub-0074,1,0.7433720792016637,0.027106846138608896,22.74587166833433,71.15702086157015
sub-0074,2,0.2746250248197009,0.41112654890383243,17.852392320959073,44.539102537043846
sub-0075,1,0.4799701812537058,0.5080673809444705,3.398081361467921,85.9621365883931
sub-0076,1,0.25637241350358114,3.53127614659182,1.9356980625916727,46.80310658733932
sub-0076,2,0.3899860150994434,1.31297825550494,4.484932155311689,36.32496135751395
sub-0077,1,0.2464867102596757,0.10511294429211963,20.10359236461787,51.72372267026538
sub-0078,1,0.9364078549880036,0.44720486530685266,13.56979857195117,61.038927357759356
sub-0078,2,0.4604481476033589,1.8464832913551297,2.1741372175197564,93.13316552115879
sub-0079,1,0.0874467822946315,7.509574632823455,0.7762004323487369,43.20066960941869
sub-0079,2,0.1445879857760033,4.855502100570895,1.5502572807741173,40.797135105651506
sub-0080,1,0.4329227269822224,1.4712898732941653,4.632792753819258,54.28056111954454
sub-0080,2,0.3038476642601984,3.6569795426358116,2.222971187785456,77.77059216220937
sub-0081,1,0.46972697796524243,1.9080100404358826,2.404537778184784,41.89375137273856
sub-0081,2,0.28012418191775296,2.7955734817377915,2.12166751398083,37.18878387043516
sub-0082,1,0.9049920147452489,0.49573488530322213,14.191420212155993,72.92132638123994
sub-0082,2,0.4971639582566903,1.9125017339594614,3.873220479652535,99.60385424258612
sub-0083,1,0.09314604646294564,7.914014431729276,0.8069349400414667,52.07516858071947
sub-0083,2,0.2939391751858824,2.929886026158436,1.77230459744281,51.18809858286406
sub-0084,1,0.619258659796737,0.6489740590399717,9.442052488611072,55.93061061279058
sub-0084,2,0.11013423372415926,6.589940833460848,1.204882701928385,72.35648929315465
sub-0085,1,0.378820856832588,0.27797191518432884,18.112777426224326,43.542342344335026
sub-0085,2,0.29517871147661673,3.250197400162384,1.6356087334220728,49.56294225511387
sub-0086,1,0.6968248051153001,0.5194656294824578,2.895644165034138,52.602465627737836
sub-0086,2,0.10914214403013996,6.387111643036685,1.2960415656592281,63.08096462560236
sub-0087,1,0.9364302706115163,0.45786275523118,13.485778834083357,68.09654287144636
sub-0087,2,0.4558820555679987,3.3073599377911975,4.0305039318192035,68.718289735995
sub-0088,1,0.5375567117725911,0.298719946694667,8.647532576188762,68.95683561508973
sub-0090,1,0.5335587133562644,0.007729415302870143,19.701657220648404,53.65294883293437
sub-0090,2,0.7014217902978305,0.18063363055184642,15.498652528257413,48.761687710423445
sub-0091,1,0.12652092081641167,5.727611728522405,1.9153153187506575,52.91298988897756
sub-0092,1,0.7063226899331075,0.16811961225649935,17.189357294067072,116.74413875611482
sub-0092,2,0.3138589606632651,1.4752066987007335,8.149718587433945,89.36272852898357
sub-0093,1,0.053531999589139324,7.32909699705143,1.102682293000159,45.167148355913035
sub-0093,2,0.1468125864944279,5.074650625976562,2.275687547583946,35.718303289900206
sub-0094,1,0.1476120061927887,5.1323789736094,1.0112071084287193,28.75057330680814
sub-0094,2,0.12498660911074203,5.523703195274369,1.6220203936720639,27.78783264339033
sub-0095,1,0.6364374252107294,0.5586936407651234,10.758333912190494,42.92330626220131
sub-0095,2,0.9511623382198683,0.5314927169891369,15.419500285201638,87.35583725191125
sub-0096,1,0.18322040267817075,4.283700018306876,1.3203487631118371,42.141284414229766
sub-0096,2,0.3287016673275382,1.6325247952137465,3.43872982275016,39.193422095251094
sub-0097,1,0.1277829652547158,6.318152188602363,1.1320576882986308,61.47239944211611
sub-0097,2,0.5981441998272549,0.31383020342694756,11.850664651668128,50.957115248318104
sub-0098,1,0.5459616637490681,1.0996392430806188,7.604088975616671,56.10355656229677
sub-0098,2,0.45192155587147076,0.04642333703564387,10.950119771028545,48.26850683608181
sub-0099,1,0.46789162860704525,0.00567179166061622,20.502412275655693,49.95235641518065
sub-0099,2,0.3039871945385864,1.7974861130622661,3.9625030430745047,38.26911535767183
sub-0100,1,0.9902711375351143,0.556815597727165,17.785666649590425,77.2504888248785
sub-0100,2,0.7877011271537194,0.02878416813680679,19.387056109474347,50.11345169816283
sub-0101,1,0.44141824761300985,1.6236361526832632,2.71028325616206,126.58478710696468
sub-0101,2,0.42037248747296435,2.229051828768337,9.411813756984634,84.3255661735164
sub-0102,1,0.21329727242582758,5.57599961839134,1.5602966383912675,43.26266845871713
sub-0102,2,0.532034288265596,1.3688015160880036,4.03656620049368,47.430526853824574
sub-0103,1,0.8379340189095612,0.48425169893266107,12.387231238791399,68.25979572159983
sub-0103,2,0.19249792402438146,3.865020235611707,1.6403276904121418,33.27922114910746
sub-0104,1,0.29894719451434715,2.702176262396768,2.0903847122476744,40.98939736138878
sub-0104,2,0.6595257883928507,0.8166672655399977,5.869695097762868,53.00154167930175
sub-0105,1,0.853349310970983,0.5496542331684259,13.12542281724335,76.46109315077261
sub-0106,1,0.18523955215723262,4.014063691831089,1.4834418539734968,53.53157764074569
sub-0106,2,0.5547924723178423,0.02672185868801693,22.714111623488957,58.05169071811372
sub-0107,1,0.6148698418637768,1.5469497396252547,7.08148152435378,66.40306288757797
sub-0107,2,0.22664154258929253,4.83238396698256,1.2035859573115835,67.63130659935081
sub-0108,1,0.572908499749166,2.8273451918251826,7.298124718409836,91.1652702061248
sub-0108,2,0.7835243029952191,0.024384384335794956,18.442517844309098,41.87608484126975
sub-0109,1,0.9404835261163009,0.5335601222065418,15.399503532403608,80.57532596545568
sub-0109,2,0.14598636453616295,6.017884629656615,0.9598706260074507,60.09755669328585
sub-0110,1,0.9420021746978493,0.4697619897360952,13.260265765734982,98.80962749489478
sub-0111,1,0.208660290342844,4.805290150731923,1.2366852727426159,56.73031842448543
sub-0112,1,0.45364096767654666,0.445168845254318,10.245055154264595,65.39386912704116
sub-0112,2,0.10533874757809727,6.39977288145682,1.1886595239130973,54.503129220441444
sub-0113,1,0.27844008167986095,3.787987540216711,1.6118587128970467,85.71013943437609
sub-0113,2,0.8027175289582437,0.4399782131048223,5.371892716983032,117.35053251624555
sub-0114,1,0.9732688478114383,0.49359722211547247,16.30571851445083,92.53173680159662
sub-0114,2,0.8601922682539305,0.2781057646178004,11.626695171296822,49.569239357970645
sub-0115,1,0.9653928202528487,0.5776357123163739,16.33481036192354,83.75007777493305
sub-0115,2,0.5196601226812324,0.4905838427791251,14.35534978179611,40.24882468323685
sub-0116,1,0.27390549044522533,0.04468195155348586,24.192526313148964,55.09915122663725
sub-0116,2,0.745965155696965,0.24619209094225084,13.337666460027096,50.248682664583434
sub-0117,1,0.3455626254019397,0.0035985206253621154,23.201156335142127,85.02420131670686
sub-0117,2,0.82272778737508,0.13486179992415157,16.76021090644475,98.60008951848022
sub-0118,1,0.07400799555258612,6.141373676833501,1.5981022407757477,49.91876930436612
sub-0118,2,0.23456147626486432,2.5426454762533703,6.653850801009492,64.23301859937291
sub-0119,1,0.169921065615334,1.3209366195042216,10.643282485557002,70.879168825984
sub-0119,2,0.06286597738759096,9.755280825077236,0.935638430208647,73.51640608742073
sub-0120,1,0.5126881635948334,0.7264419063677776,4.1474327060268985,51.88598715065251
sub-0120,2,0.21422234992004005,3.3466015057267944,2.4565177612688514,66.39375151977171
sub-0122,1,0.8032469733997398,0.7101308635835488,14.658424674377802,71.44047324816557
sub-0122,2,0.781862484831609,0.04363964092006969,16.828028090857817,35.33972430014628
sub-0123,1,0.13790238934439833,4.432474316577845,3.123309314655888,31.660349119681772
sub-0124,1,0.49005749066855164,0.6443785820296621,7.670610266428288,53.04009603034958
sub-0124,2,0.41585175362575605,1.9030427601896962,3.7165032777455336,57.142018423998955
sub-0126,1,0.16172088184649408,3.9563579976071486,2.790691784039792,80.75830263680542
sub-0126,2,0.7524304476737318,0.13077162072747586,18.638912058963168,108.74228054097438
sub-0127,1,0.18680584531276082,4.0782968664835195,2.2882529580782087,55.4755377367368
sub-0127,2,0.6730537406100788,0.45179036653496873,5.822379869836977,38.35996227530842
sub-0128,1,0.3920519545638127,2.1769070963398875,1.941589533992328,53.10663624088402
sub-0128,2,0.5304048085895541,0.981316625968635,3.8088095103265727,47.964647905406196
sub-0129,1,0.9459537102153256,0.5020698218357899,13.892776200205928,94.89475323501308
sub-0130,1,0.15160397957560295,4.701578429440126,1.1874939538570322,48.20995880793699
sub-0130,2,0.48373963847759205,1.5246358410621357,1.6743408513985918,49.751285882428775
sub-0131,1,0.4574149844251502,0.004472482843107338,23.279756831167973,66.5565292086267
sub-0131,2,0.7807654434676664,1.4191213569616599,8.140047677838805,109.19818630903785
sub-0132,1,0.21335439253555102,0.0020948060531918466,25.79703313176435,63.2962668541865
sub-0132,2,0.6941721854693647,0.8258153527711966,4.2662424583866665,47.616078960469004
sub-0133,1,0.14513565264164158,4.528740897468414,1.544192483098715,75.3612857753759
sub-0133,2,0.08070390648883062,8.382729401107706,0.9073505809174174,89.57026157538634
sub-0134,1,0.9861838930657132,0.5993068744375255,16.643252222014723,77.8819859732861
sub-0134,2,0.9652030889767804,0.5145838199348114,15.895303885635109,87.03265820011886
sub-0135,1,0.14467399256435226,5.330783546862987,1.9418853868281876,59.71944725979072
sub-0135,2,0.8442018290591461,0.8077164008370926,14.84359692703796,75.30656096248696
sub-0136,1,0.6637773473557618,0.20772531222023236,9.024811744096835,44.375832869872966
sub-0136,2,0.30112715165687504,0.6325009977175841,14.024218799807203,66.39451063757268
sub-0137,1,0.7813477774566842,0.30481388528058345,7.545114136710145,40.069330306215406
sub-0137,2,0.7250911995902755,0.07870015768669164,14.318765606485252,43.11989094080617
sub-0138,1,0.557436684284339,0.6106595912247436,6.07993539554732,44.63247741191757
sub-0138,2,0.9813909163743677,0.535017843550296,16.537792840673784,83.99313589517524
sub-0139,1,0.17596465419166538,4.382059778202283,1.5133508784762604,31.83014642104409
sub-0139,2,0.8579417135524322,0.4317899632741221,9.10377253812485,49.62736801846859
sub-0140,1,0.5802635889128764,1.2689479507812436,4.677820507432407,96.6390309993597
sub-0140,2,0.8915179700575345,0.5241471292095132,10.747058490756219,62.69023700991061
sub-0141,2,0.6573485232838359,1.050043100033813,9.720503056922173,66.6667757407528
sub-0142,1,0.5931873533315943,0.026733482895000684,16.04348328381273,56.00853435337367
sub-0142,2,0.3599179556378293,0.8675957486038426,6.611966398384252,67.65394117260291
sub-0143,1,0.7971762845351232,0.4783240930505227,3.6909962939325354,43.04145439470153
sub-0143,2,0.5462045564392402,0.5596890217028997,9.115423480923091,47.97694505390991
sub-0144,1,0.9144660123440149,0.30080433014190716,18.395464716444643,70.94926411718319
sub-0144,2,0.8078114934901082,0.4868831123214434,14.898867359933837,86.8673719915933
sub-0145,1,0.9551718395682387,0.5082286953753669,15.531236068600503,75.9673747041797
sub-0145,2,0.9666784701597662,0.4817214593300753,16.282839188605656,70.84221017938798
sub-0146,1,0.09151071490505251,7.081006774548861,1.6258948431264604,85.63165777187155
sub-0146,2,0.19693020628681301,4.615103534773316,1.4414411714867863,74.47846850110658
sub-0147,1,0.562297052539893,0.34897996530710074,13.28414923581512,50.37404029655391
sub-0147,2,0.6738344165793894,0.35231395440408925,17.39562405982241,72.39770847364527
sub-0148,1,0.6447718406178169,0.4128020404004211,5.5511578757704845,37.41017118345771
sub-0148,2,0.29235009384327126,2.5559460469414996,1.828376655169081,39.78553513281123
sub-0149,1,0.14288659675385423,4.5904777992099906,5.452955287491899,92.92869286814262
sub-0149,2,0.42506835550748445,1.3624030262539077,4.493135910129898,55.6451450291185
sub-0150,1,0.15222473781792414,5.24322630685614,4.264642810844063,63.09255392674439
sub-0150,2,0.18525151861013286,3.9491042984416427,1.5943573374480584,49.45444934864309
sub-0151,1,0.34889134914816633,1.751993950645076,3.3068718770767127,114.03786162798033
sub-0151,2,0.5945506841855808,0.7143001896450897,10.376850118790323,103.64654855130475
sub-0153,1,0.41101059492172093,1.410077702133667,1.8745546817050214,41.43714731747985
sub-0153,2,0.8845283017263732,0.4315003774375937,10.973951880344616,61.88447182853628
sub-0154,1,0.10150919515276294,6.8312152392104,1.587310329192779,59.835350600820725
sub-0154,2,0.08002055383068912,8.875173773515284,0.7629140200717428,63.350100602951954
sub-0155,1,0.6104448684999717,0.6300158435697945,3.8328938398217507,38.893228491481075
sub-0156,1,0.7527325210184733,1.0538843353295742,11.291644127408645,80.24939387322247
sub-0156,2,0.5055138771860465,0.3824435990412107,13.22461952728708,48.022438706630844
sub-0157,1,0.9290774727529016,0.39262541828108544,12.235893897549518,102.83431555459197
sub-0157,2,0.8243438179791273,0.29743081844309305,12.376098757646126,50.41931999121305
sub-0158,1,0.3117040369709163,2.1084862666538693,5.161574439787532,50.1990783800278
sub-0159,1,0.2378145318680314,3.2702262012622034,2.0177403733646204,61.76892741337788
sub-0159,2,0.27413554030523224,3.0462267205181353,2.1314436057907753,47.26521138838743
sub-0160,1,0.30755986218154624,1.984557014780115,3.9495362779064402,44.657972856084605
sub-0160,2,0.6531523376258859,0.3216955850828164,6.871635236168718,45.368348826105944
sub-0161,1,0.4671537785915494,0.0041202838900555655,23.183351956784964,43.07820541854028
sub-0161,2,0.6524092668178877,0.39470199821750546,10.059038182503432,56.727379212248444
sub-0162,1,0.38630353578275767,2.6639798135021704,4.636603918645165,73.14526263714727
sub-0162,2,0.6504183425914961,2.1728699932644,9.197955265162571,70.87525734251095
sub-0163,1,0.19078834834994501,3.3533680767331675,2.9189254159579,51.404779928513456
sub-0163,2,0.18736251091305006,4.547076084526467,2.1550454709867983,53.82364712852682
sub-0164,1,0.4548107589465319,0.17005824402159722,12.221324516159365,64.19314585214981
sub-0164,2,0.48274618417628234,1.7897263793160987,2.3243080977719863,52.21524344541201
sub-0165,1,0.11195291100483332,6.125533950206924,1.3581675748242983,73.43683479210155
sub-0165,2,0.25749209710599164,3.176651747972933,3.05384452048394,63.25811913871147
sub-0166,1,0.968926155491087,0.5338731646572916,16.276138467562365,80.26647474624663
sub-0166,2,0.8897581280088958,0.6386535722485324,13.265883760385297,59.963048582883765
sub-0168,1,0.2031061843677638,4.24985957110553,2.426279908031537,61.336507159522796
sub-0168,2,0.9008252904963908,0.706694351247474,12.339357344556253,100.15529711486774
sub-0169,1,0.5572360254487896,1.0357103410328514,1.9085277917830539,90.48618801090119
sub-0169,2,0.2671206773567545,3.4882805133801402,3.503114219428023,52.96215851036718
sub-0170,1,0.7041594903274001,0.38631011248492,11.271489520087576,123.72880899983808
sub-0170,2,0.8041594658319354,0.046861192117400335,16.703880843168548,54.13884421603951
sub-0171,1,0.494781379186562,0.12901703738819362,16.960168988087286,91.67453782205693
sub-0171,2,0.5147020865906827,1.8578582683252634,3.2132255181697413,57.289571875418744
sub-0172,1,0.38066130985915303,0.012953940097689114,12.972209271547559,97.08734407496542
sub-0172,2,0.17862184164570277,4.288168376257903,1.1662714131026934,53.952453906122585
sub-0173,1,0.5176981524551267,1.019751604117227,7.892390610931725,50.31379840075077
sub-0173,2,0.5073529303480608,0.7750540537985698,2.2307072064753846,47.01492001461495
sub-0174,1,0.20755605993033238,1.6761713221544092,3.9032086950330513,47.087077575821574
sub-0174,2,0.36983815421530714,1.9472881095601136,2.096084920806726,45.85823523736387
sub-0175,1,0.13799758442317467,6.846836414803631,0.7790132852232923,51.51858584002259
sub-0175,2,0.399007918055651,3.122374024501365,5.181641815077255,63.49040053668394
sub-0176,1,0.6648186749544297,0.8772565532270002,12.053629909449974,59.297062018338764
sub-0176,2,0.6430057247471455,0.2779637722259571,10.282785748535451,47.031475598888996
sub-0177,1,0.11641772918393978,0.0014883890376462042,27.904022533959072,82.43702413568009
sub-0177,2,0.09671988163023183,7.9378789879276965,0.7616146495205971,73.7173056312726
sub-0179,1,0.11261868467113831,6.352486526478642,1.2721649002513222,52.817758416664844
sub-0179,2,0.09939240338781198,7.547148501302218,1.1161035005737967,55.35986909245822
sub-0180,1,0.35447889622169537,2.498680144315201,3.2554664798420037,49.04357910729772
sub-0180,2,0.7230637478230229,0.3278306109733317,6.982335816635606,43.79316884447499
sub-0181,1,0.10673157725307515,6.846332373665457,1.2887497269983796,57.344644953355655
sub-0181,2,0.4699585027104642,1.2677276116773293,4.6403872803383335,47.03453850711495
sub-0182,1,0.15910202597112802,4.454761832806337,1.6506384009394461,79.49305690495449
sub-0183,1,0.303276708884438,3.2808063433009473,2.6051077086255265,59.62677054645414
sub-0183,2,0.4885822340434846,0.39009914902931236,14.609117207984152,41.547908426765574
sub-0184,1,0.5068656232191637,0.06744580407164448,15.683214818927,87.25940334163116
sub-0184,2,0.2251631726337061,4.2189379547104,1.992763259383849,76.01925321437135
sub-0185,1,0.16045747652604686,5.438766116179895,1.4921306929335316,64.03814702562984
sub-0185,2,0.1649959605751319,4.62813501384914,1.3007313881162321,59.387100228671095
sub-0186,1,0.904731718480954,0.5676979045953174,14.125111592868768,76.78967777202047
sub-0186,2,0.45525767167291814,2.1313286207145983,4.0129305510211015,56.17223987991523
sub-0187,1,0.8220225619271391,0.054239845135011684,20.42308100569125,48.54339194858543
sub-0187,2,0.39037771209012373,1.7021972896945818,6.593240282183837,53.771941515799234
sub-0188,1,0.4493798880508156,0.7970244650731101,6.152485168862086,33.11785273505483
sub-0188,2,0.7064522556853325,0.7493467392182727,6.012180325015754,50.11648613354702
sub-0189,1,0.41786080662346464,2.3883462396435045,2.0247235750675463,50.99710121877126
sub-0189,2,0.5774451016595691,1.3734822236001127,4.286330925638985,51.939448102051706
sub-0190,1,0.4222671906805036,0.014355696705098227,14.90433756446538,49.607099169909645
sub-0190,2,0.5834652196195503,0.056493485202883616,16.476175892759652,52.716253188440376
sub-0191,2,0.6278274346022472,1.7408930927717172,10.796966066239362,79.70849559679878
sub-0192,1,0.14965139726712823,3.9723245156402234,2.7347201064418214,57.44679164858087
sub-0193,1,0.8956049882369627,0.7265703032700183,13.63034519545523,72.40417031742469
sub-0193,2,0.3185498878544473,2.549521381860153,1.5791588017280132,53.32086181245358
sub-0194,1,0.32820087062488235,1.5175775207091988,9.109998489137883,127.21580217041783
sub-0194,2,0.9694562059654377,0.4417987209105305,18.004615177345187,83.79641739535718
sub-0197,1,0.3548534558473407,1.0406647988319333,6.867580921338982,58.77788446909176
sub-0197,2,0.8099421013917901,0.22933666849983322,8.537490362559009,35.603748337911476
sub-0198,1,0.3177460679617658,1.8504816945374816,2.3181131637986945,45.80276086847222
sub-0198,2,0.42131482065499615,0.5987876850637237,3.0116137820993,28.00550357728234
sub-0199,1,0.17713174742663476,4.270815463230778,1.2411163316033693,41.865212090992365
sub-0200,1,0.08812793171618015,6.515967063343001,1.7976721715974653,58.701058707089054
sub-0200,2,0.7809916140276609,0.5029424336243672,4.701654816213617,49.172612164397286
sub-0202,1,0.6634985174622635,0.1537725618356543,17.043595501634037,120.82806751322597
sub-0202,2,0.22265301787610248,3.21126919035809,5.711391950862451,75.91144374328998
sub-0203,1,0.3898891458393399,2.40251744137916,2.781012606884964,55.77942995535457
sub-0203,2,0.1116952010780841,6.38762920110541,1.3756580007318175,57.06420228968223
sub-0204,1,0.2725441084639282,3.1170501171108573,3.1019162339115964,82.04119709871235
sub-0204,2,0.2267891433784725,3.816390301534688,1.4188314046870205,75.77726445779746
sub-0205,1,0.47472409096685886,0.5705158966320776,10.320362954058202,46.87580603487083
sub-0206,1,0.22159563245098063,3.5035384238818796,8.410421969437124,64.71858164634645
sub-0206,2,0.5525792142222482,0.05864459120866819,23.630502413397483,89.08835224239334
sub-0207,1,0.4070843008709335,0.32134894234908146,9.701977696183011,48.85618518924072
sub-0207,2,0.5070301788672905,0.10788276134050968,15.85910807556764,51.47987851396548
sub-0208,1,0.5219032967093343,0.7920112831653328,2.388078718932273,47.544834385543524
sub-0208,2,0.6159592083195794,1.617341097047959,6.36400302891724,58.12212164244565
sub-0209,1,0.21720968864263512,3.6732496856668977,1.7317383430608266,62.916206665634526
sub-0210,1,0.5679878427059326,0.4348784398404041,8.718776468757452,44.00511183695134
sub-0210,2,0.3980459063098204,0.0037061516671744177,23.25356760425283,41.521499006120315
sub-0211,1,0.48338914048010406,0.8414020202049537,5.6730806119667445,51.262634964013664
sub-0211,2,0.3832538831542868,2.4939038518055057,6.011938445840462,86.34371581995454
sub-0212,1,0.9599281598823709,0.5253925070957834,15.216504736284833,68.5519184835871
sub-0212,2,0.6030455439562322,0.40747514825772735,15.676285142055717,68.97736807724172
sub-0213,1,0.6110696995312582,0.4172844455723913,12.74298602354221,67.55251275778681
sub-0213,2,0.5991002074699382,1.8618796804052875,7.19243397299991,63.58867769332074
sub-0216,1,0.10942338821164094,5.57669746896144,1.4653228083791732,37.168159319163635
sub-0216,2,0.16051982849300472,6.079730239803792,1.1120126233452914,47.63040963686472
sub-0217,1,0.14333426419043668,4.759908101379072,1.9429899009099245,45.25765156184397
sub-0217,2,0.1479002639923077,5.5665668939881,1.4935007178550481,43.71871808764593
sub-0218,1,0.3364287110976492,1.2776410030325513,4.546915480471473,47.16224741978462
sub-0218,2,0.16681647563981106,4.187676186622597,1.144559252459556,46.398476209727114
sub-0219,1,0.4537696594102493,1.0236503405450754,3.1054556056169114,42.61674252620774
sub-0219,2,0.30233170597331743,2.935891797994601,1.748295364864317,60.37005261787898
sub-0220,1,0.33292215959515475,1.948741912154539,1.8997410235008934,38.53853616143641
sub-0220,2,0.4654763725944307,1.2490433617615075,3.5067407685643452,42.019314049239156
sub-0221,1,0.3493540196996616,0.004897575491277005,23.891910795323994,88.27107417124996
sub-0222,1,0.34988343120875787,0.007016852598765801,16.665299508410758,59.817391408990325
sub-0222,2,0.49678213640144475,1.1741406397060459,5.872387094559231,51.685551627599864
sub-0223,1,0.1653293869077799,4.938571779964977,4.187013086825363,50.657958123612985
sub-0223,2,0.7243535313085896,0.3829656664911566,6.682191172344675,38.42151483092028
sub-0224,1,0.1183972254554212,2.902249291656739,3.3953753689180206,76.44688855565808
sub-0224,2,0.9607583201535146,0.44411184586817476,15.494179509990108,66.25952281474109
sub-0225,1,0.18609644513178727,3.5100663579043987,3.1945075230294995,42.43774445797368
sub-0225,2,0.40359380398141864,1.6936742743099016,1.9822262602843947,37.60297537209318
sub-0226,1,0.3394306023534549,0.013395275276852515,12.899834057668595,72.23527403509416
sub-0226,2,0.1663899187340049,0.9996451218827571,7.59664472566509,56.579539892299415
sub-0227,1,0.7555197744284392,0.4810635201807503,5.476865214890934,117.77348267715705
sub-0228,1,0.7386519866706517,1.5205039487886762,12.046038798497424,75.30343368973513
sub-0228,2,0.6368970285118808,1.7846040635939686,7.383421138548087,83.89762132323493
sub-0229,1,0.1964384498699207,3.197461082555724,2.7505312682671774,58.28504188693624
sub-0229,2,0.2518749341270868,4.191235307813115,1.4609792176965908,53.31482151393633
sub-0230,1,0.1537857687345285,5.4295593941220455,1.586117659540218,56.820906567262135
sub-0230,2,0.6171167868665625,0.5308204677762457,2.896225658916826,40.56793032333338
sub-0231,1,0.1983765330195929,4.439815065091818,1.8447843312788852,78.40855109472143
sub-0231,2,0.7387946037323199,0.04098203591953199,17.85419397246154,108.70714095667235
sub-0232,1,0.8369080751274148,0.20632819352549248,16.881500101860475,77.18318380404834
sub-0232,2,0.8968844492865972,0.3676422574849431,12.975829950857445,104.72716617938758
sub-0233,1,0.21597589005000115,2.594629800089823,9.134239874844193,67.5215155187631
sub-0233,2,0.4324877065749756,0.9751936956181274,5.81797490358528,60.24079069169727
sub-0234,1,0.5538745542095335,0.047548731979972884,25.46534942079153,107.20090163395533
sub-0234,2,0.24890919207302484,4.36274658053242,1.6040819806877298,96.90538762179933
sub-0235,1,0.318127004875917,2.320111539657153,4.6373497153888055,40.780844140027405
sub-0235,2,0.42687097497163373,1.2714670827441048,2.4150774618273623,42.015264562668875
sub-0236,1,0.20116482900814878,3.126317083529806,2.4897203542513346,39.00855282717693
sub-0236,2,0.16787113476744037,4.432749682797603,1.6043226518716018,39.704891664972095
sub-0237,1,0.5877834727335324,0.00871063138001596,18.88026401427618,39.344022351596664
sub-0237,2,0.8593054813650389,0.14470718479006245,20.909259833091294,60.946169469954725
sub-0238,1,0.7603967252006536,0.011973733511537073,21.64888595933524,110.75925086495614
sub-0238,2,0.48669457024354174,1.8021210246822148,8.925744828420088,92.0181849009233
sub-0239,1,0.16970329659885788,0.0018746051831365937,26.2056056873355,65.71795105884944
sub-0240,1,0.233951424196166,3.4079557797148134,1.5696822318223835,42.49088888756103
sub-0240,2,0.8006025302122871,0.7425820654145002,11.903707261337086,59.48671533850412
sub-0241,1,0.4230506155312714,0.5426379624983436,3.725654955051397,54.72367200405613
sub-0241,2,0.09756621318019566,7.003288801485697,1.0277002666147292,60.156891427368464
sub-0243,1,0.2059817556343241,4.3725830886272865,1.7652628486485986,83.94851980750595
sub-0243,2,0.6934296409239217,0.2761795008011744,9.670569151786957,44.57693635505967
sub-0244,1,0.22667407111435928,2.670497495382624,7.040374361461812,71.4086462736195
sub-0244,2,0.1286935908309057,5.189154754187941,2.043786365929187,85.66657104245922
sub-0245,1,0.09957598000621161,7.122233739900748,1.0650694706041448,49.9092269377773
sub-0245,2,0.21483427814780126,3.6147570645328995,3.221777156897519,51.47164803062228
sub-0246,1,0.284306722707597,2.6986784447970575,2.272252544255,73.64343124966976
sub-0246,2,0.22477153865982877,3.935332783224586,1.3423787946574721,81.21731331998713
sub-0247,1,0.09370286846835463,5.831207952836161,1.631841988839781,64.39917272122423
sub-0247,2,0.42948514524155124,2.1817319545717355,2.8351368898713556,51.43541048809335
sub-0248,1,0.7603838792744901,0.4914575766737147,6.840371979715534,103.60208438903932
sub-0248,2,0.6055187285917295,1.2576064664714008,8.442997571878637,101.4762762207924
sub-0249,2,0.30262772150217415,4.338399601637414,1.650872532704934,60.218665101765986
sub-0250,1,0.19617529704066614,0.26673521309529663,12.374171318554591,60.447730648774936
sub-0250,2,0.4220060850981133,1.1171706014086067,8.285500787586468,49.17158940987148
sub-0251,1,0.9547620340192566,0.4807343546039728,16.513798870506864,82.16650589720453
sub-0251,2,0.9086418142051725,0.5019409534392493,14.934067211358869,78.37834267521475
sub-0252,1,0.11743415510095824,6.6687655908844405,1.2804680000030455,89.69483222801632
sub-0252,2,0.9625386087823622,0.493649660851057,15.02876258119377,96.72829229019457
sub-0253,1,0.6118672900803513,0.014251781955440784,17.936387528929714,73.13181724833096
sub-0253,2,0.9166854719188187,0.3255814814532557,12.444680776194073,107.42643052657273
sub-0254,1,0.5057814841293988,1.9044039158870052,7.361831944169919,68.16441671757046
sub-0254,2,0.9299640137746958,0.44993158980714376,15.311166724610489,76.83521141886736
sub-0255,1,0.287428348366683,1.928101615300963,11.088426903762501,61.35376576025676
sub-0256,1,0.454375508037255,0.9551150187194967,3.246882034620719,35.60583493775562
sub-0263,2,0.5049661381306172,0.960776195201946,5.107328342170795,46.8613615850972
sub-0264,2,0.9137979171696654,0.3887206263773098,14.130573693091486,56.724769677293466
sub-0265,2,0.8630819410066329,0.12040767077226541,11.112047198637827,118.5212780907052
sub-0266,2,0.25694918023101027,2.460923381788036,2.549238083265006,34.45974280465245
sub-0267,2,0.44282787650704525,2.4155886840419196,5.160494375653484,66.61387030837143
sub-0268,2,0.40405323190105275,0.06517365248896037,12.957069298198437,68.20003423179328
sub-0269,2,0.7792522974393812,0.13791528059154246,14.975652986573678,81.37052460744724
sub-0270,2,0.13836423113200544,4.041125525160865,1.894973417307151,45.873165469774584
sub-0271,2,0.36655859131115326,2.075111283401424,4.4481064529984895,106.66715022784987
sub-0272,2,0.14803013308317953,5.435713703629899,0.989672235662043,32.342178917925146
sub-0273,2,0.5891583779509029,0.3134574629904164,4.915936915103529,40.60351180025254
sub-0274,2,0.6624302968359296,0.017623935774481802,17.109703769643115,104.8067638864944
sub-0276,2,0.2865815003443764,2.4948045763568345,2.4574099908616813,63.37969433276299
sub-0277,2,0.2323107382683203,3.485119747627397,2.2455209017548032,55.7112448241612
sub-0278,2,0.9287296295512033,0.4291505433920687,16.790302500692864,83.50328867842433
sub-0279,2,0.36423370420747003,1.3235839054849892,3.068395333257836,54.34954814533899
sub-0280,2,0.3682008494031279,1.1603314074894095,8.638883902614834,115.56625860346787
sub-0281,2,0.6783899022815147,0.2763602258716546,14.13271955972883,110.14919876687044
sub-0282,2,0.16279863543499354,3.5312393675672866,2.6749890462307184,57.94006956460225
sub-0283,2,0.48433069466842915,0.025243499243671613,9.93345551895742,44.1367664213439
sub-0284,2,0.33279808007698625,1.7784691084280557,6.256253482258029,119.74593297701038
sub-0285,2,0.3995528022819885,1.607415177553801,1.6358555492643772,74.59276359946806
sub-0287,2,0.24961337668911707,3.948991935943173,1.048934885323658,72.35135604977015
sub-0289,2,0.517292532331962,0.3341798108002091,14.273331203123595,49.538798149119934
sub-0290,2,0.187048059765535,3.8831934374105312,1.1263540332476465,42.083926370808804
sub-0291,2,0.2449902062900374,1.868806443190676,2.706673223740949,40.99505705495381
sub-0292,2,0.15844442118151927,4.688449599742095,1.492609735366589,43.902650497073964
sub-0293,2,0.629719979653732,2.899009578588138,5.890274063920979,92.3777021747474
sub-0294,2,0.8168204332800008,0.018816177849110573,22.161049245866852,72.4635506900361
sub-0295,2,0.30768093476502384,0.052196181806043955,6.505327028656878,39.43757742413319
sub-0296,2,0.600431275018404,0.4497795836962032,7.767302557280995,43.917475469417916
sub-0297,2,0.21321018396287858,3.8681532319085363,2.1804587802687467,72.68389957670553
sub-0298,2,0.5348998786407355,0.5751771583470289,11.287219504990903,41.60765267578955
sub-0299,2,0.07089635892803231,7.452047435435257,1.156708940756756,28.4317150486368
sub-0300,2,0.5426447792293888,0.38972934111920166,7.675808730996845,45.613900902173064
sub-0301,2,0.7103879688022121,0.11225726614809713,16.099647936493543,43.864766798952694
sub-0303,2,0.18900312106432154,4.3051724478750675,1.4527064042390168,43.897935271834605
sub-0304,2,0.11428503257959603,5.170843905080774,3.6130479540850002,52.37034019025943
sub-0305,2,0.25975345264548766,2.748971391741612,2.755569361502701,130.25621913152267
sub-0306,2,0.1587952020301458,2.1913277355247582,4.970657030727501,56.25317793966799
sub-0307,2,0.27503801120391963,3.437501916335139,1.7969055842850379,37.35167548780094
sub-0309,2,0.894971303046288,0.38135938345443726,12.457203809906368,103.33727072247572
sub-0310,2,0.26442458602024016,2.2434508343349377,3.4616089297556814,56.788822040260726
sub-0311,2,0.3777923871069327,2.242352617358688,4.926408431265486,115.41003789278346
sub-0312,2,0.44902739504277545,0.09577442601853303,18.46435698489468,36.139810283978996
sub-0313,2,0.16886854781119134,4.599849971786918,3.1718126172056254,48.052942836614726
sub-0314,2,0.5471779802332812,0.5015971536110819,13.568521964781642,48.828257404028065
sub-0317,2,0.6918130154813908,0.36519482353419064,4.265507664014838,53.11811774101258
sub-0318,2,0.44837218039465276,1.6692773109227945,2.461611820693387,48.403116163647184
sub-0319,2,0.600182154406161,2.1847999047979405,8.48988711999818,49.14480219969352
sub-0320,2,0.40892157000173973,2.784942643589675,2.92101715640902,60.18036504674493
sub-0321,2,0.9102477279716908,0.5053502643026309,16.357867395707117,73.07487408496037
sub-0323,2,0.4794075162053823,0.9335268682372815,6.943690628410013,40.49699375478816
sub-0324,2,0.5356608155873448,1.1206046337268978,2.896179933096751,49.95721287021659
sub-0327,2,0.4086017920410005,1.4833974440193651,4.315781427666842,42.110343947762054
sub-0328,2,0.11106149090833893,7.301301751431818,0.9735759782711391,66.79444700323877
sub-0329,2,0.15198052120676409,4.486510053680731,1.3588304132329385,35.87914768574885
sub-0331,2,0.6555785526712983,1.34073268294487,5.4749480730982105,53.94946535855872
sub-0332,2,0.6602586346511977,0.3876030148465492,3.927943772282927,38.63142208381414
sub-0333,2,0.6667962294017877,0.7384368235664275,2.358300580902639,37.616210811774465
sub-0334,2,0.3784720396622811,2.1747495104621652,2.4423693939786526,37.94704272642669
sub-0335,2,0.390158134938485,2.1452298907782783,1.9629001663006655,49.43121376376708
sub-0337,2,0.4468544196045236,1.5959573529924151,2.3433421726400536,40.29561595515436
sub-0339,2,0.3640767517599554,1.5817410033712278,5.897923363828872,44.49392625793915
sub-0340,2,0.2805541723607539,2.504390443688266,2.8525142260975525,42.03034838541264
sub-0341,2,0.787652589330184,0.3617013716479647,12.570878063387395,66.0066821549837
sub-0342,2,0.30222592329161246,1.1900070895494714,8.400928257378174,52.54092125867225
sub-0343,2,0.2408332655628223,1.9702887070473656,7.43605710996581,43.80710590834128
sub-0344,2,0.8201925921278821,0.3663813990548771,5.748963339660486,45.73490211159923
sub-0345,2,0.9337006680132952,0.20521146131545373,19.643425701421183,53.009242014818156
sub-0346,2,0.7272898083839909,0.42490207661144097,4.264203247454953,41.56863851386617
sub-0348,2,0.4773362091287758,2.0937404629956964,7.0342593137653955,84.03334633557927
sub-0349,2,0.9529819452571913,0.5454616115665059,15.445873982173431,83.26835742954185
sub-0350,2,0.5774091387987765,2.4574869001960824,2.8784033052385296,91.11119259377854
sub-0351,2,0.5711109853847224,1.1528048813461682,4.280788079304819,42.00546562909575
sub-0352,2,0.7458255651495563,0.14501887833914134,10.709006712064841,112.2150479894136
sub-0353,2,0.4336431013320018,1.7268820708653565,2.1694723894156023,48.44490269003416
sub-0354,2,0.44918455826441994,0.3841618203111847,9.590673263789679,52.48366503554476
sub-0355,2,0.14808327007357833,5.401332765620294,1.0470161565163913,77.17865794689267
sub-0356,2,0.8133845923218455,0.13113149434134158,14.429815404285243,42.95691967676436
sub-0357,2,0.7572935936891829,0.2761820040570917,7.378583927459326,116.16085164512765
sub-0358,2,0.9784942876038055,0.563472599411711,16.136191282716386,80.04775310396447
sub-0359,2,0.7042965055622867,0.117852524602057,19.15643806299866,113.40692654751047
sub-0360,2,0.9743725709528585,0.5429351447206916,16.035089341313167,77.4334351604096
sub-0361,2,0.9349344567451419,0.6325401570180511,14.137507011037286,71.80366273110454
sub-0362,2,0.3928445005237452,2.3536712597406306,2.722948932702475,60.214536217293656
sub-0363,2,0.6300100846993077,1.0382667125315157,4.510049497383368,61.59203054889986
sub-0364,2,0.8879112222267349,0.42603075002803,13.205791680728893,63.9663885869026
sub-0366,2,0.11679965983323956,5.572609287859781,1.162764014146545,37.94539657798859
sub-0367,2,0.9015091446674339,0.5141895366932994,14.884786625655092,84.35121472884998
sub-0368,2,0.7853135814387613,0.5079304680120705,13.942142190937371,78.91778663566741
sub-0369,2,0.9555865327932809,0.5019785504354058,15.394389849992095,70.00871977605202
sub-0371,2,0.3401336708417539,1.7876536253119173,2.1601514441711327,68.94387883742715
sub-0372,2,0.610202579769335,0.053807865517762066,19.337358473367168,92.22863236493748
sub-0373,2,0.20036860268812162,4.082208041068807,1.8835159795928098,50.36588260190647
sub-0374,2,0.57952677747803,0.014975549721395226,14.772574447131635,36.901099928934
sub-0375,2,0.47890048436989446,0.9501465086781382,3.686726025767879,39.008207823051684
sub-0376,2,0.7146589484882402,0.5173806316179148,14.477697512463191,62.39215511425036
sub-0377,2,0.18306988911870603,4.0787636516202355,1.328995181451723,40.51535730255855
sub-0378,2,0.271229941577653,3.63129820323638,1.2750268866019518,46.905683343170544
sub-0379,2,0.9244184195379479,0.5654057259324988,14.03212653839602,88.72828704891552
sub-0380,2,0.2778520556548767,2.234019789247788,2.399120511336054,55.457268488187474
sub-0381,2,0.12393852868963799,6.354408874401199,1.7420944659227529,46.67597025357949
sub-0382,2,0.07553659170857861,8.004808221186323,0.8425266749714094,112.62112484471243
sub-0383,2,0.587996069748439,0.8572043052290929,5.879453767516615,49.25595582247316
sub-0384,2,0.2727965574599716,3.13646995099902,3.3479274949305737,78.65674848940537
sub-0385,2,0.271215269680378,0.7677993435923534,6.661531461180892,41.71770660628899
sub-0387,2,0.43722091682249925,0.3304816690219991,11.480752822615278,34.18654442478881
sub-0388,2,0.6367271278731657,0.3606599349019747,13.468345546041661,59.75253457236294
sub-0389,2,0.3123409840297116,1.8458954045234655,7.64517712973241,59.47739808925019
sub-0390,2,0.6903238345258623,0.8031767623007836,12.487709298251094,103.57966742375775
sub-0391,2,0.4164541963214639,1.794980889476878,2.657678815738177,52.34124708929194
sub-0392,2,0.61682074817233,0.5992290949681883,2.8749267034653876,43.47339593481367
sub-0393,2,0.17707236511413613,4.722652029598591,2.1884206856827357,69.69531717460721
sub-0394,2,0.5648436947442332,1.4529150851985881,3.4608459340040905,40.05675497994982
sub-0395,2,0.20902282014708004,5.100025356303533,2.336507199168936,66.5599202770848
sub-0396,2,0.9856868459952528,0.5505851557344583,17.3865221143962,81.69705846690185
sub-0398,2,0.2618329333111018,3.6393509632329244,1.2533707925623052,41.749618753356245
sub-0399,2,0.9502993584823948,0.5621317181363676,15.608723504948331,77.7408271345974
sub-0402,2,0.30961277345728666,1.9500304398034727,2.651286469798617,62.30491377042104
sub-0403,2,0.5236146559289998,0.8235335214326599,9.72985287376674,47.24966451850474
sub-0404,2,0.12482568678625026,5.768044268640086,0.8504595370378555,52.096003781406196
sub-0405,2,0.17507024466577156,4.491576532305041,1.5822954696085558,75.96100123915606
sub-0406,2,0.47987899337676115,1.2020727625317522,4.933277739000776,61.73781808557888
sub-0408,2,0.16469828405511378,5.85101672606618,1.082585215011319,48.47132750738284
sub-0409,2,0.463102590914818,1.9566566301564363,2.2558391775473807,37.70935517805394
sub-0410,2,0.3272566609033572,2.1603433866092123,2.9901673609033907,41.64481829617613
sub-0411,2,0.7019345498598748,0.32230311372989523,7.426963423507345,44.67631561127707
sub-0412,2,0.9396688791685769,0.38191098395594625,17.217595592174156,88.68820339614118
sub-0413,2,0.8469066934099581,0.33973932877769264,12.702441772340123,57.94087128694507
sub-0414,2,0.2937339076288945,2.944939823607069,1.5635712283165608,63.81024649863497
sub-0415,2,0.5913740890775881,0.01623499242300378,17.552933607503334,49.39595612915521
sub-0416,2,0.5580089204888962,0.28974065228848395,11.267555132925215,37.642506886221895
sub-0417,2,0.17775152572941016,2.1996719582515962,3.312368017112366,29.969695267976842
sub-0419,2,0.17078865218908618,4.380457408870522,1.1018039399968333,52.63730806641666
sub-0420,2,0.6300205760735512,1.3347335204627584,12.76799389971886,60.37769905345376
sub-0421,2,0.5079782200420124,0.16695059699493686,13.697448676311465,39.318483525862625
sub-0422,2,0.13838753149048835,3.581281584361296,2.6637175819186494,41.414776101233045
sub-0424,2,0.8399455819214061,0.27271062884800085,11.835915035392027,45.99647676184305
sub-0425,2,0.7576120755724214,0.22294717287822544,10.539978486436066,122.88016676908538
sub-0426,2,0.5744683913378246,1.4027468009995154,4.2154544842566395,52.16433636898045
sub-0427,2,0.6359281862695306,0.685666635919852,8.600579353984354,57.857838248735995
sub-0428,2,0.5048794838131436,1.4449460444194924,6.018882601491472,37.794318734757994
sub-0429,2,0.25295925298106386,3.0912871687727863,1.9991135279091832,47.325330692578326
sub-0430,2,0.8054049497088889,0.451754441775301,9.933138419267324,60.79732430768833
sub-0431,2,0.7953716184019689,0.3964970707224468,14.221196422034964,65.37667804468578
sub-0432,2,0.9721686197914015,0.5001822203217133,16.516164478447074,84.88165206819595
sub-0433,2,0.11515590408883777,6.471706129680473,0.8455101905413929,81.2006367127979
sub-0434,2,0.6455013670133396,0.3537627567958855,14.61946800459332,72.7374727088081
sub-0435,2,0.9426016977841077,0.5552351661955289,14.806392525365895,84.40717139131698
sub-0436,2,0.9757050073065874,0.5235663932824414,16.482372770281305,83.47580667762587
sub-0437,2,0.49384198248702366,0.9878321184206384,5.505489493840094,122.90729860459047
sub-0438,2,0.3185367786428834,0.3458263531003148,9.74399420712198,55.768169816077815
sub-0439,2,0.1995848387193775,3.385412409293419,2.131480055817281,62.26735680941843
sub-0440,2,0.1604019028425802,5.009843635276371,2.4075032317821283,50.558945510390316
sub-0442,2,0.75707214135429,0.37640820625456,4.982618417211097,49.057941584542526
sub-0443,2,0.17919817666603763,4.849473295994217,2.3775856854428596,56.019996300929776
sub-0445,2,0.21432525707170044,2.7842841742290894,10.759065383008204,48.05375733531727
sub-0446,2,0.47418542657729257,0.3481644434324239,5.861891443136343,33.32858227679176
sub-0447,2,0.5146019242395087,1.4077837016523522,2.8558679733425487,61.18647497093627
sub-0448,2,0.7704028105791237,0.4556566514094524,4.434330671049979,51.30577069847465
sub-0449,2,0.1296546884674069,3.3733527502968337,9.781132482759945,39.69250075679513
sub-0450,2,0.3341491567512661,0.6634041189896106,10.21396726523092,51.89233251644396
sub-0451,2,0.5502586016500843,0.7720070711220965,2.6425138885957677,41.92242105408326
sub-0452,2,0.18024707563299,5.401546091098205,0.9731038243083769,56.23567030261076
sub-0453,2,0.2542692002101912,4.674581038728568,2.401284372534508,65.21214783075493
sub-0454,2,0.46584890230022524,0.023791205696310876,11.78549851861746,88.4896218331875
sub-0455,2,0.763249577252946,0.020324780990153904,17.418444579819674,44.02028312304467
sub-0457,2,0.25255221905652897,4.0676047995097955,1.7938414568139134,55.971374042341616
sub-0458,2,0.42899225105483757,1.150054063137667,7.367115012183091,50.51850469746074
sub-0459,2,0.3042331579017324,1.6010220742728034,4.71292239234246,43.2392828482875
sub-0460,2,0.2640976723270354,2.535215417705994,2.605037173422107,131.6265465623946
sub-0461,2,0.14345485335698124,4.587954629785549,2.0243103459401834,89.285974416587
sub-0462,2,0.25387700605967334,0.06707929369642213,12.795603382640973,40.03543795677483
sub-0463,2,0.3669624985797693,2.010806891865743,5.507322806385288,60.42473900011339
sub-0464,2,0.9794574010804666,0.5291766871521731,16.233531557398305,88.92464867216552
sub-0466,2,0.34577153613798023,3.167782586958323,2.1240752556840072,46.94405596709254
sub-0467,2,0.1701682662726645,4.635341188893808,2.2518460744261564,45.079019262069345
sub-0469,2,0.42723616498682043,1.4067267096706626,2.6602238901677455,47.603146659747644
sub-0470,2,0.7424280541934702,1.9631470573028655,12.632860547151648,92.86499185856641
sub-0471,2,0.286385520220678,3.293946442855771,2.341594615281768,61.395332675527875
sub-0472,2,0.43855518910424407,1.9781330562426087,2.6513709912182075,40.596176981409116
sub-0474,2,0.7228940260342958,0.440846482417829,4.146775134961055,115.73063221643459
sub-0475,2,0.45813682212730295,1.3433677125951844,2.38199479983904,44.96922310498047
sub-0476,2,0.41039380670336645,2.3565692237390015,1.825618836169016,55.3507653624366
sub-0477,2,0.33230109332862307,0.21368560059156722,18.24064301553463,65.38578228345521
sub-0478,2,0.4893713060580546,1.2579643462943664,3.322163255714703,49.265157846034896
sub-0479,2,0.1737325019907468,4.3679385870569165,1.4680660600563522,56.729644429363795
sub-0480,2,0.15971496527283843,6.397238138592439,1.203174243392462,61.875413814334806
sub-0481,2,0.8208484034193714,0.2079590166840584,15.437267489126091,62.745414422037584
sub-0482,2,0.31395337383483174,2.1165341068845596,6.082192118985997,46.999514008848095
sub-0483,2,0.2631034661241513,4.368600689054807,2.3196176124714185,74.14910094630646
sub-0484,2,0.13270187150468163,5.281820730652415,1.7640417962934045,67.94863476737186
sub-0485,2,0.29989275572494517,0.02409475451940352,16.19133911909826,46.946725055402155
sub-0486,2,0.9905615322719675,0.5488517745199842,17.364769522957726,84.4186969830246
sub-0487,2,0.5576924124025961,0.1913666400734432,15.979673368893266,37.71687170898488
sub-0488,2,0.4057177350349877,0.31668681712421193,7.783385170769066,53.675192467434755
sub-0489,2,0.34642580638342824,3.3008405375891745,1.2961793062270994,45.25748286980677
sub-0490,2,0.9106880274235976,0.507599882564752,14.54150417923144,76.10026301118427
sub-0491,2,0.34792425791859855,0.3526275841032391,11.58434025568501,36.87358449963923
sub-0492,2,0.4410086290852182,0.007319909114239285,17.751026935587518,46.10796075274533
sub-0494,2,0.47996861473734714,0.024529742637295873,15.079954766062192,43.63341867452543
sub-0495,2,0.6565394068241033,0.393211726454208,6.198683780576359,47.15656631140005
sub-0496,2,0.45067797084089267,1.533139573872723,9.96921780547255,48.893794651816314
sub-0497,2,0.798217062385197,0.36413433389401373,5.720574916573229,37.42049076985913
sub-0498,2,0.40124565930853795,0.2561969990539159,6.969377386978136,33.74107090780594
sub-0499,2,0.7778529127914813,0.3048466610038302,6.70489186664015,41.559061751170816
sub-0500,2,0.22987775344491154,0.20489144225720127,10.586665960713441,71.31331823689086
sub-0501,2,0.8587202631805364,0.29720061151462435,15.426513447798442,60.92454386612514
sub-0503,2,0.9827835458717175,0.5434646280453537,15.961484060472522,77.33521845522004
sub-0504,2,0.720859785410145,0.1342277872193224,16.944925399334238,87.7934576058177
sub-0505,2,0.7456413324673636,0.40146003796665747,12.76533022482858,47.002746040081355
sub-0507,2,0.38298031355485673,1.19454540158584,4.12059483058884,58.61226609365581
sub-0508,2,0.6583261671210888,0.6588414113187816,8.422790077759208,48.38631350795389
sub-0510,2,0.45354687184275594,0.8954996155729094,2.830039846997336,53.39665768963831
sub-0511,2,0.6403591664304235,0.05904478677458938,16.83681464646044,47.01059235920338
sub-0512,2,0.3272117627637076,1.9967174595872912,2.0866071033514983,36.094609670846516
sub-0513,2,0.3638918634148643,0.16355810911852564,17.563580198887145,49.31438265995808
sub-0514,2,0.5189292496535354,0.2823670877712192,15.530305379277564,47.13105718220203
sub-0515,2,0.7437715421393961,0.20097462294855642,8.553601634702654,39.06182411191566
sub-0516,2,0.15524017717622254,4.859144572044068,0.9692713570022186,39.34412354278685
sub-0517,2,0.7862402598166885,0.8231206658527992,13.201666154990262,94.79837899702409
sub-0519,2,0.6551646586903684,0.5518588671616684,4.318875100574829,37.21828929100224
sub-0520,2,0.701569548672727,0.2549003988317897,14.801419842835777,49.359470645891925
sub-0521,2,0.45805841494500765,0.006458603500032705,18.801694797825483,44.41297369681913
sub-0522,2,0.5817160463154747,0.07045098860560457,12.390017590157676,40.00469540347965
sub-0523,2,0.9279662588738082,0.42244060880911966,16.370051975363314,74.74477601746332
sub-0524,2,0.942122807823092,0.4787574493309763,16.073062694895288,85.35642823956385
sub-0526,2,0.7810023449431012,0.27801287861165963,7.722172992726406,116.68847820566661
sub-0527,2,0.9397143925978141,0.4494850271459408,16.363669936819665,77.88629406928519
sub-0528,2,0.6785268372589442,0.09469575739345555,10.551449094533586,35.84145917983461
sub-0530,2,0.2149076804953494,3.9149544041531286,1.2367034303839644,50.176770309264654
sub-0531,2,0.677372363172391,0.19513371164281132,21.4593866335937,75.35484542499424
sub-0533,2,0.14680328081158653,3.4588810202234175,4.499494341227222,58.18248777679201
sub-0534,2,0.41694502544732015,1.1570680894905776,5.644222716137581,43.99472094666123
sub-0535,2,0.7352174054341417,0.5305322137814726,15.898397698186905,79.36521199648428
sub-0537,2,0.4677865536111751,1.9101672024654686,8.867972914718083,74.10508036720127
sub-0538,2,0.20711562169820633,3.4515816485468775,7.415887390531438,57.117295318096716
sub-0539,2,0.5094083635048072,1.2141652699270358,2.9686703328333026,43.679108916185754
sub-0540,2,0.1813695380654467,4.636064371919722,1.6235040374429373,59.76663522930503
sub-0541,2,0.3778462809689497,1.7805779657031886,1.787298916336726,45.57951940281968
sub-0542,2,0.8805486290744152,0.44166805531658454,9.87404615570456,106.82242137079842
sub-0543,2,0.8472158768088586,0.14281370317768768,16.276643053650545,52.794876973909226
sub-0544,2,0.5053758164567891,0.767936201677377,7.386609749994565,63.62295139598049
sub-0546,2,0.11639890893083855,5.7465196201824895,1.0374039928734786,28.739878525921306
sub-0547,2,0.6904399910083968,0.12853751882910444,10.44602907683633,45.88702335987218
sub-0548,2,0.5799270835602399,0.1949771083224063,13.80946534807847,50.637684690095355
sub-0549,2,0.5677306450771873,0.23979020130365267,12.10418565535558,49.98260452817916
sub-0550,2,0.7890638825660938,0.45257170357279836,6.663075368541419,49.30528853547228
sub-0551,2,0.5490527205245578,1.9504804715158361,2.2953356616444194,51.015984881788086
sub-0552,2,0.35891520840553376,1.0103140607928682,3.4506719014236507,44.895005993423254
sub-0553,2,0.3423255410805115,2.9118553794352824,1.9716476153041123,57.739814524832425
sub-0554,2,0.28320467927894327,1.2542988811033,9.868914163397985,50.78497434268235
sub-0555,2,0.48990321203626824,1.5305338519303346,2.3275655131089223,38.73807511695444
sub-0556,2,0.5490351499934163,1.7463020954323882,4.230385353666128,46.51224002039548
sub-0557,2,0.48858089074051303,2.2054260761947733,6.310841547105299,69.3817067933062
sub-0558,2,0.27818723539836016,2.595732335918562,4.701471345924073,54.221436288393555
sub-0560,2,0.17018311916525988,4.587110708220551,1.0334985874899636,39.65254901211629
sub-0561,2,0.9463536632158077,0.5022606164913014,15.67119392239764,69.89771910997766
sub-0562,2,0.6975811709086134,0.02794128114947084,19.4139945967629,46.0775047820405
sub-0563,2,0.16509006152458425,4.697423691070533,1.0514572078122655,60.302808502295015
sub-0564,2,0.95379691842152,0.46659934061011893,12.326596555808408,100.56120538313567
sub-0565,2,0.4168164149170377,3.2497513489459315,5.167133266668806,67.29343945910858
sub-0566,2,0.19601855898868778,1.8910979025845718,6.240116413251699,35.75719687795063
sub-0570,2,0.37715184957728637,0.24675311382716625,10.856822120290987,35.87594735043343
sub-0571,2,0.8324564067965915,0.4255556962255344,13.914598378206499,80.35150607919967
sub-0572,2,0.9443496927946707,0.5108093484770075,16.00084093411386,77.87181473556254
sub-0574,2,0.18013310023093415,0.2701677582287803,10.057028771417066,59.62391223700296
sub-0576,2,0.6169359999619977,1.6524866959960354,6.232100558716569,53.68912096741933
sub-0577,2,0.2799390667949996,2.782648611245008,1.955963172582473,46.65633502637484
sub-0578,2,0.25254884385165466,2.6149464960250226,8.087766370431218,48.69124878841214
sub-0579,2,0.9072747927812566,0.4077779873904235,13.79077312867478,74.07944857147959
sub-0580,2,0.09226872107640983,5.438598366974516,3.3963830836630318,73.95548408987806
sub-0581,2,0.22211637326575137,0.004289658879748119,20.162669664074805,55.39142512938847
sub-0582,2,0.10214731439188375,7.564154776712615,1.3242131947609705,64.45547249581591
sub-0583,2,0.5510804632101406,0.9721216470031426,9.03563287425003,57.27614871941608
sub-0584,2,0.6718209385888769,0.061915728878024046,19.46271250785891,53.06687693916376
sub-0585,2,0.38768465751834014,1.113026195856739,8.14791910198051,52.87988687317995
sub-0586,2,0.35006850908958426,1.2882012560106204,2.729730287328661,40.20034806195172
sub-0587,2,0.43157531744429284,2.9510979867133917,5.6925146554630315,61.385779009395364
sub-0588,2,0.21191645947240725,2.2892786504101577,5.020454173637391,43.47523028196856
sub-0590,2,0.9694666203633333,0.48375025463952137,15.507578370214626,85.83070269541344
sub-0591,2,0.6427410617269468,0.15617848794396755,15.133103861644285,47.443878458633655
sub-0592,2,0.11158813511075867,5.144534656586368,4.038763294192943,74.53009086805986
sub-0593,2,0.550221001247084,2.0299749302124224,7.885995670854063,82.16663620379158
sub-0594,2,0.9632614487140291,0.48664983659014377,15.577161058070342,93.12071210370236
sub-0596,2,0.2628366484100735,1.6021263885612098,12.78239602219121,124.50402280094677
sub-0597,2,0.19153593978071268,4.49690110660992,1.3790350509589904,104.47626159841359
sub-0598,2,0.30521591581908997,1.0425398912965906,5.791642383324122,64.69202824626771
sub-0599,2,0.31081868610536956,0.3164626051457645,5.896235972033976,72.38558077722138
sub-0600,2,0.5549068686345062,0.20716779091600443,14.126417022105892,76.87446649079058
sub-0601,2,0.7171853157004365,0.2968467959030569,13.757060775422431,92.09296740864514
sub-0602,2,0.8096138807943023,0.2399931733562807,16.387479275954664,55.14884679845818
sub-0604,2,0.3859046223655063,3.3024423757956587,4.9434006246390085,67.02465053814178
sub-0605,2,0.9828567527523079,0.5004440331124616,16.44269323586893,76.1067256682479
sub-0606,2,0.4332445093234663,2.415251550048215,4.875843773303498,67.72771873843993
sub-0607,2,0.30420068082833335,1.150860077673769,9.724722157440748,56.176481816966465
sub-0608,2,0.628685127443498,0.10013515059763657,10.767481593225261,33.729416471886445
sub-0609,2,0.45142043068377463,0.28575407577355827,10.427783221185114,37.32034392797565
sub-0610,2,0.6680042342642946,0.8779601804805083,7.557086921998504,50.86449264944344
sub-0611,2,0.49667740412849104,1.5251276559863916,4.774152410220873,113.76719796829288
sub-0612,2,0.21039149100563212,1.7628026035672153,7.617841028484383,58.67078042792634
sub-0613,2,0.36736409261958364,1.3459510528044203,1.6917537004386993,35.23657981279975
sub-0614,2,0.9511484818898864,0.5027249096845078,14.971673543194626,88.99245453161012
sub-0615,2,0.29261120113726796,1.2815198695051933,16.96675418778956,85.14657690253874
sub-0616,2,0.8804047448946742,0.3193043355655767,10.678643951988823,57.03651241191576
sub-0617,2,0.9534249097299728,0.36525856509231913,17.039794385137313,98.82453500142122
sub-0619,2,0.5820661414832935,0.49817797361180494,3.4362487371310753,40.76441079361975
sub-0620,2,0.9728361045139025,0.4536532470887893,18.212349310393762,77.37904842128648
sub-0621,2,0.595530991364789,0.5985535445469473,6.1218134370498465,46.40963121333373
sub-0622,2,0.4431613108651038,0.652603024453272,9.15003515900899,50.95527077382921
sub-0623,2,0.240313392390219,0.9825162752811294,10.898531552184176,57.77236778359637
sub-0624,2,0.5312758836754577,0.12946523455464923,12.753709845380959,42.53541254870134
sub-0625,2,0.47665429240346696,1.1594641585142749,2.58575913720923,37.318757006178885
sub-0626,2,0.16253611086239367,0.010953809876363433,11.776426383964456,47.21297013750626
sub-0627,2,0.7708625958380533,0.4752927921705795,3.645921858009888,114.22567517452022
sub-0628,2,0.31235497773322185,2.489374957170182,5.217993561580182,65.59555229535376
sub-0629,2,0.4363926704172632,0.7987691843215877,9.760452814954547,45.2819754271511
sub-0630,2,0.1346776605696635,5.96825778548322,1.289298211732234,67.18179284790808
sub-0631,2,0.6857996346785185,0.7913022503439472,4.437388263317689,43.51789877226054
sub-0632,2,0.9713436925672476,0.5293865170420858,15.886146878248873,88.65170473859858
sub-0633,2,0.9378764020043362,0.5407192504686325,14.157706249679956,71.06128145120873
sub-0638,2,0.8553848128621283,0.4388913236950932,11.739858869221635,56.257745207805975
sub-0639,2,0.6219936779132361,0.8001020867991723,6.616538028272854,49.90648117094542
